Date,Object,Price,Location,Category,Object Type,Link
2019-01-10 00:00:00,"Sold  Jan 10, 2019 Very Rare Roman Bronze OpenWork Application depicting Dog chasing a Hare",70.0,United Kingdom,Roman,?,https://www.ebay.com/itm/Very-Rare-Roman-Bronze-OpenWork-Application-depicting-Dog-chasing-a-Hare/223309908201?hash=item33fe4ec8e9%3Ag%3ADtUAAOSwBMpcFpL2&LH_Auction=1
2018-11-02 00:00:00,"Sold  Nov 2, 2018 ancient Viking Large bell ""Sea shell"" REALLY ancient",7.5,Russia,Viking,?,https://www.ebay.com/itm/ancient-Viking-Large-bell-Sea-shell-REALLY-ancient/183499439937?hash=item2ab96b3f41%3Ag%3AxpcAAOSwI-dbzx4j&LH_Auction=1
2018-10-24 00:00:00,"Sold  Oct 24, 2018 Battle Kisten,  Kievan Rus -  Vikings  - 10 - 13th century AD",42.0,,Viking,?,https://www.ebay.com/itm/Battle-Kisten-Kievan-Rus-Vikings-10-13th-century-AD/232965952842?hash=item363dda554a%3Ag%3AeXcAAOSwksBbcJLq&LH_Auction=1
2019-01-09 00:00:00,"Sold  Jan 9, 2019 lot of Roman bronze objects",21.5,United Kingdom,Roman,?,https://www.ebay.com/itm/lot-of-Roman-bronze-objects/173719795298?hash=item287281b662%3Ag%3A-7gAAOSwiJZcLMlL&LH_Auction=1
2018-11-11 00:00:00,"Sold  Nov 11, 2018 ANCIENT ROMAN BRONZE APPLIQUE / MOUNT",1.28,,Roman,?,
2018-10-28 00:00:00,"Sold  Oct 28, 2018 CIRCA 100-400 AD ERA ROMAN BRONZE EUROPEAN HEAD OF A BABY MOUNT",27.1,United Kingdom,Roman,?,https://www.ebay.com/itm/CIRCA-100-400-AD-ERA-ROMAN-BRONZE-EUROPEAN-HEAD-OF-A-BABY-MOUNT/253937953216?hash=item3b1fe1a9c0%3Ag%3A8-kAAOSw-nRbxz5%7E&LH_Auction=1
2019-01-06 00:00:00,"Sold  Jan 6, 2019 GROUP OF ANCIENT ROMAN LEAD ARTIFACTS",77.42,United States,Roman,?,https://www.ebay.com/itm/GROUP-OF-ANCIENT-ROMAN-LEAD-ARTIFACTS/254046234910?hash=item3b2655e91e%3Ag%3AoqYAAOSwxZxcDYJ7&LH_Auction=1
2018-11-27 00:00:00,"Sold  Nov 27, 2018 women's decorations of the Viking Age",13.5,United States,Viking,?,https://www.ebay.com/itm/womens-decorations-of-the-Viking-Age/163389725153?hash=item260ac959e1%3Ag%3AiQ4AAOSwr5db9pHZ&LH_Auction=1
2018-11-17 00:00:00,"Sold  Nov 17, 2018 Indo-Greek Stone Palette",49.0,United States,Indus,?,https://www.ebay.com/itm/Indo-Greek-Stone-Palette/283254024368?hash=item41f34168b0%3Ag%3AnqgAAOSwhX5b5wLR&LH_Auction=1
2018-11-19 00:00:00,"Sold  Nov 19, 2018 Amazing Egyptian faience embossed animal face",15.0,,Egyptian,?,
2018-11-18 00:00:00,"Sold  Nov 18, 2018 CELTIC BRONZE ZOOMORPHIC HORSE ARTIFACT",13.1,United States,Celt,?,https://www.ebay.com/itm/CELTIC-BRONZE-ZOOMORPHIC-HORSE-ARTIFACT/202499206235?hash=item2f25e4ac5b%3Ag%3AcNwAAOSwYj9b6JAR&LH_Auction=1
2018-12-29 00:00:00,"Sold  Dec 29, 2018 ANCIENT ROMAN CIRCA 100-300AD - ROMULUS & REMUS SUCKLING AT THE SHE-WOLF MOTHER.",113.55,United Kingdom,Roman,?,https://www.ebay.com/itm/ANCIENT-ROMAN-CIRCA-100-300AD-ROMULUS-REMUS-SUCKLING-AT-THE-SHE-WOLF-MOTHER/223294975724?hash=item33fd6aeeec%3Ag%3AWb8AAOSw4otcHoWQ&LH_Auction=1
2018-11-11 00:00:00,"Sold  Nov 11, 2018 ANCIENT ROMAN BRONZE FINGER WITH ENAMEL",1.28,,Roman,?,
2018-12-16 00:00:00,"Sold  Dec 16, 2018 RARE BACTRIAN CA.1000 BC CARNELIAN STONE CARVED AS LION - WEREABLE GIFT-  E38",20.65,United Kingdom,Central asia,?,https://www.ebay.com/itm/RARE-BACTRIAN-CA-1000-BC-CARNELIAN-STONE-CARVED-AS-LION-WEREABLE-GIFT-E38/153296833767?hash=item23b1340ce7%3Ag%3AePYAAOSwm5xcDUjp&LH_Auction=1
2018-11-06 00:00:00,"Sold  Nov 6, 2018 Ancient Roman Bronze Lion -Decoration of Legionary Cuiras L=55x35x35mm 25gr",13.5,Netherlands,Roman,?,https://www.ebay.com/itm/Ancient-Roman-Bronze-Lion-Decoration-of-Legionary-Cuiras-L-55x35x35mm-25gr/223210643728?hash=item33f8642110%3Ag%3AmeMAAOSwdW5b2JSa&LH_Auction=1
2019-01-09 00:00:00,"Sold  Jan 9, 2019 OLMEC  COLOSSAL MASTERWORKS OF ANCIENT MEXICO  LACMA  2011 HARDCOVER",12.99,,America,?,
2018-12-18 00:00:00,"Sold  Dec 18, 2018 Roman Unique Old 2 Animal carved Stone Chess Pieces Lovely  # 7K",10.5,Thailand,Roman,?,https://www.ebay.com/itm/Roman-Unique-Old-2-Animal-carved-Stone-Chess-Pieces-Lovely-7K/273609414942?hash=item3fb464591e%3Ag%3Ak2MAAOSw2hxcEqZD&LH_Auction=1
2018-11-25 00:00:00,"Sold  Nov 25, 2018 CELTIC BRONZE ARTEFACT EVIL EYE",3.25,,Celt,?,
2018-11-05 00:00:00,"Sold  Nov 5, 2018 #4 Ancient Roman 100-375AD",8.18,United Kingdom,Roman,?,https://www.ebay.com/itm/4-Ancient-Roman-100-375AD/142993921224?hash=item214b1a14c8%3Ag%3AzWQAAOSwXi9b12Zm&LH_Auction=1
2018-12-03 00:00:00,"Sold  Dec 3, 2018 CIRCA 100-300 AD ROMAN BRONZE HANGER - VERY RARE",7.1,,Roman,?,
2019-01-11 00:00:00,"Sold  Jan 11, 2019 Franklin Mint, The Fighting Men of the American Revolution - Connecticut Trumpet",10.0,United States,America,?,https://www.ebay.com/itm/Franklin-Mint-The-Fighting-Men-of-the-American-Revolution-Connecticut-Trumpet/332997174511?hash=item4d882da4ef%3Ag%3A98wAAOSwGVFcAiIa&LH_Auction=1
2019-01-05 00:00:00,"Sold  Jan 5, 2019  MASSIVE-ROMAN BRONZE WINGED PHALLUS FERTILITY SYMBOL 1st CENTURY BC-AD",67.11,Cyprus,Roman,?,https://www.ebay.com/itm/MASSIVE-ROMAN-BRONZE-WINGED-PHALLUS-FERTILITY-SYMBOL-1st-CENTURY-BC-AD/392203242883?hash=item5b51228d83%3Ag%3AEc0AAOSwI9FcJ3aY&LH_Auction=1
2018-10-22 00:00:00,"Sold  Oct 22, 2018 24. Roman Lead Plomb - Head",14.84,Austria,Roman,?,https://www.ebay.com/itm/24-Roman-Lead-Plomb-Head/323504174230?hash=item4b5259f496%3Ag%3AtZcAAOSw2WZbx2-L&LH_Auction=1
2018-12-16 00:00:00,"Sold  Dec 16, 2018 NICE ROMAN BRONZE MOUNT BOSS APPLIQUE CIRCA 200 AD",2.53,,Roman,?,
2018-12-29 00:00:00,"Sold  Dec 29, 2018 Ancient silver jewelery temporal Vikings, Kievan Rus 10-13 AD № 473/6",20.0,,Viking,?,
2018-12-05 00:00:00,"Sold  Dec 5, 2018 Relic Roman Thracian Gladiator Iron Sica 2nd-1st Century BC Excavated",321.36,United Kingdom,Roman,?,https://www.ebay.com/itm/Relic-Roman-Thracian-Gladiator-Iron-Sica-2nd-1st-Century-BC-Excavated/132871017863?hash=item1eefbad587%3Ag%3Aa8wAAOSwnWpb5A1G&LH_Auction=1
2018-10-26 00:00:00,"Sold  Oct 26, 2018 HIGH QUALITY ANCIENT ROMAN GEMSTONE INTAGLIO - CIRCA 2ND AD  - NO RESERVE 01",64.53,United Kingdom,Roman,?,https://www.ebay.com/itm/HIGH-QUALITY-ANCIENT-ROMAN-GEMSTONE-INTAGLIO-CIRCA-2ND-AD-NO-RESERVE-01/283224873773?hash=item41f1849b2d%3Ag%3Ai0wAAOSwol5Yvubv&LH_Auction=1
2018-12-11 00:00:00,"Sold  Dec 11, 2018 Large Rare Ancient Egyptian Faience Pharaoh (945-715 BC.)",12.39,United Kingdom,Egyptian,?,https://www.ebay.com/itm/Large-Rare-Ancient-Egyptian-Faience-Pharaoh-945-715-BC/264073326226?hash=item3d7bff2e92%3Ag%3AJ7QAAOSwEONb-W6z&LH_Auction=1
2018-10-26 00:00:00,"Sold  Oct 26, 2018 ancient Viking small bronze bell REALLY ancient",10.5,Russia,Viking,?,https://www.ebay.com/itm/ancient-Viking-small-bronze-bell-REALLY-ancient/183489055011?hash=item2ab8ccc923%3Ag%3APgcAAOSwAfVbxeAM&LH_Auction=1
2019-01-16 00:00:00,"Sold  Jan 16, 2019 A rare piece of sex in the ancient Egyptians",65.75,United Kingdom,Egyptian,?,https://www.ebay.com/itm/A-rare-piece-of-sex-in-the-ancient-Egyptians/183623479902?hash=item2ac0cff25e%3Ag%3AzRwAAOSwuQhcLrWU&LH_Auction=1
2019-01-10 00:00:00,"Sold  Jan 10, 2019 GENUINE CHOICE POST BYZANTINE, MEDIEVAL BRONZE ICON FRAGMENT+++",29.99,Norway,Byzantine,?,https://www.ebay.com/itm/GENUINE-CHOICE-POST-BYZANTINE-MEDIEVAL-BRONZE-ICON-FRAGMENT/223310322859?hash=item33fe551cab%3Ag%3AsMsAAOSwzyBbjwVB&LH_Auction=1
2018-12-30 00:00:00,"Sold  Dec 30, 2018 Rare Ancient Egyptian Thutmose II   (1493 to 1479 BC )",59.37,Egypt,Egyptian,?,https://www.ebay.com/itm/Rare-Ancient-Egyptian-Thutmose-II-1493-to-1479-BC/173705229439?hash=item2871a3747f%3Ag%3At8oAAOSwHSdcDV-y&LH_Auction=1
2019-01-19 00:00:00,"Sold  Jan 19, 2019 JUDAEA, Herod Archelaus. 4 BC. - AD. 6. Bronze Prutah",20.0,United States,Near east,?,https://www.ebay.com/itm/JUDAEA-Herod-Archelaus-4-BC-AD-6-Bronze-Prutah/264133094702?hash=item3d7f8f2d2e%3Ag%3APrsAAOSwTxhcFGFQ&LH_Auction=1
2018-12-19 00:00:00,"Sold  Dec 19, 2018 EUROPEAN BRONZE AGE,BRONZE KN!FE 1500-1000 BC",25.8,Cyprus,Bronze age,?,https://www.ebay.com/itm/EUROPEAN-BRONZE-AGE-BRONZE-KN-FE-1500-1000-BC/254019236420?hash=item3b24b9f244%3Ag%3AQpQAAOSwwZxb4aL0&LH_Auction=1
2019-01-11 00:00:00,"Sold  Jan 11, 2019 Franklin Mint, The Fighting Men of the American Revolution - Massachusetts",10.0,United States,America,?,https://www.ebay.com/itm/Franklin-Mint-The-Fighting-Men-of-the-American-Revolution-Massachusetts/332997155441?hash=item4d882d5a71%3Ag%3AoiIAAOSwus5cAh1r&LH_Auction=1
2018-10-22 00:00:00,"Sold  Oct 22, 2018 Lot of 10 terracotta Greco Roman small  heads Egypt 1st century BC- 1st CE",45.0,,Greek,?,
2019-01-03 00:00:00,"Sold  Jan 3, 2019  Egyptian Antique High Priest of Amun Faience 18 Dynasty New Kingdom Rare",2.25,United States,Egyptian,?,https://www.ebay.com/itm/Egyptian-Antique-High-Priest-of-Amun-Faience-18-Dynasty-New-Kingdom-Rare/192769915426?hash=item2ce1fb7a22%3Ag%3AVWUAAOSw5cZcFABp&LH_Auction=1
2018-11-25 00:00:00,"Sold  Nov 25, 2018 BYZANTINE LEAD SEAL/ BLEISIEGEL WITH MOTHER OF GOD / CRUCIFORM MONOGRAM (7th c.)",31.3,Cyprus,Byzantine,?,https://www.ebay.com/itm/BYZANTINE-LEAD-SEAL-BLEISIEGEL-WITH-MOTHER-OF-GOD-CRUCIFORM-MONOGRAM-7th-c/173647960510?hash=item286e3999be%3Ag%3Aw0oAAOSwmDBb6wwW&LH_Auction=1
2018-11-25 00:00:00,"Sold  Nov 25, 2018 RUSSIAN OLD ANCIENT ARTIFACT BRONZE ICON WITH SAINT AND IC XC",2.84,United Kingdom,Russian,?,https://www.ebay.com/itm/RUSSIAN-OLD-ANCIENT-ARTIFACT-BRONZE-ICON-WITH-SAINT-AND-IC-XC/183542583387?hash=item2abbfd905b%3Ag%3A8fYAAOSwC85b8bKG&LH_Auction=1
2019-01-13 00:00:00,"Sold  Jan 13, 2019 vintage Egyptian carved Bastet Cat",21.94,United Kingdom,Egyptian,?,https://www.ebay.com/itm/vintage-Egyptian-carved-Bastet-Cat/183623527577?hash=item2ac0d0ac99%3Ag%3A%7ExwAAOSwF7lcMhOP&LH_Auction=1
2018-12-23 00:00:00,"Sold  Dec 23, 2018 A296. Roman style bronze applique neil. Head of baby.",14.0,United States,Roman,?,https://www.ebay.com/itm/A296-Roman-style-bronze-applique-neil-Head-of-baby/233050403407?hash=item3642e2f24f%3Ag%3ANDgAAOSwyUtbjCl2&LH_Auction=1
2019-01-01 00:00:00,"Sold  Jan 1, 2019 ANCIENT ROMAN MILITARY C.3RD-4TH CENTURY BRONZE LEATHER MOUNT",12.89,United Kingdom,Roman,?,https://www.ebay.com/itm/ANCIENT-ROMAN-MILITARY-C-3RD-4TH-CENTURY-BRONZE-LEATHER-MOUNT/273628638235?hash=item3fb589ac1b%3Ag%3A4PkAAOSw0%7EpcFk11&LH_Auction=1
2019-01-01 00:00:00,"Sold  Jan 1, 2019 viking bronze pipe Tobacco artifact Stunning beautiful rare type",24.5,Morocco,Viking,?,https://www.ebay.com/itm/viking-bronze-pipe-Tobacco-artifact-Stunning-beautiful-rare-type/254039958716?hash=item3b25f624bc%3Ag%3Al7wAAOSwmfhcIp14&LH_Auction=1
2018-10-24 00:00:00,"Sold  Oct 24, 2018 EGYPTIAN ANTIQUES ANTIQUITIES Seated Cat Bastet Ubaste Bast 2290-2660 BCE",0.01,Egypt,Egyptian,?,https://www.ebay.com/itm/EGYPTIAN-ANTIQUES-ANTIQUITIES-Seated-Cat-Bastet-Ubaste-Bast-2290-2660-BCE/153224725400?hash=item23ace7c398%3Ag%3AHhcAAOSw7mpbNAcr&LH_Auction=1
2018-12-28 00:00:00,"Sold  Dec 28, 2018 Ancient Egyptian Black Cat 2800 BC -2750 BC",54.21,United Kingdom,Egyptian,?,https://www.ebay.com/itm/Ancient-Egyptian-Black-Cat-2800-BC-2750-BC/173702574975?hash=item28717af37f%3Ag%3ACHwAAOSwe9VcCtvd&LH_Auction=1
2018-12-09 00:00:00,"Sold  Dec 9, 2018 ANTIQUE EGYPTIAN PTOLEMAIC WOOD PANEL",464.62,Egypt,Egyptian,?,https://www.ebay.com/itm/ANTIQUE-EGYPTIAN-PTOLEMAIC-WOOD-PANEL/223259508331?hash=item33fb4dbe6b%3Ag%3AyXgAAOSwu3Zb%7EqwH&LH_Auction=1
2018-11-25 00:00:00,"Sold  Nov 25, 2018 Ancient Roman Bronze Openwork Mount. Boar Depiction",9.68,,Roman,?,
2018-12-21 00:00:00,"Sold  Dec 21, 2018 ANTIQUE INTAGLIO PHOENIX GREEK ROMAN AGATE CARNELIAN STONE RARE!! Gift",16.99,Thailand,Greek,?,https://www.ebay.com/itm/ANTIQUE-INTAGLIO-PHOENIX-GREEK-ROMAN-AGATE-CARNELIAN-STONE-RARE-Gift/153299033947?hash=item23b1559f5b%3Ag%3Az4UAAOSwTVlb9NWy&LH_Auction=1
2018-12-07 00:00:00,"Sold  Dec 7, 2018 UNKNOWN GREEK OR ROMAN BRONZE LEAD & IRON CONICAL ARTIFACT",6.48,,Greek,?,
2019-01-09 00:00:00,"Sold  Jan 9, 2019 Ancient Terracotta Beautiful piece with Carved Roman Queen Face   # 7Z",18.5,Thailand,Roman,?,https://www.ebay.com/itm/Ancient-Terracotta-Beautiful-piece-with-Carved-Roman-Queen-Face-7Z/283321797124?hash=item41f74b8a04%3Ag%3A%7EOYAAOSwIKNcKRZh&LH_Auction=1
2018-12-07 00:00:00,"Sold  Dec 7, 2018 Ancient Egyptian Blue Anubis  (c.3100-c.2890 BC)",47.75,United Kingdom,Egyptian,?,https://www.ebay.com/itm/Ancient-Egyptian-Blue-Anubis-c-3100-c-2890-BC/173669219617?hash=item286f7dfd21%3Ag%3AqjIAAOSwyulb3Nom&LH_Auction=1
2018-11-19 00:00:00,"Sold  Nov 19, 2018 Ancient Viking bronze artifacts (Fragments of history) 8-12 century",1.25,Ukraine,Viking,?,https://www.ebay.com/itm/Ancient-Viking-bronze-artifacts-Fragments-of-history-8-12-century/264039116771?hash=item3d79f52fe3%3Ag%3AvZcAAOSwn01b5T%7EJ&LH_Auction=1
2018-10-27 00:00:00,"Sold  Oct 27, 2018 Antique Pakistan TOP ANCIENT GANDHARA ERA TAXILA TERRACOTA HORSE HEAD SCULPTURE",89.9,Austria,Indus,?,https://www.ebay.com/itm/Antique-Pakistan-TOP-ANCIENT-GANDHARA-ERA-TAXILA-TERRACOTA-HORSE-HEAD-SCULPTURE/302927693376?hash=item4687e5c640%3Ag%3AfzsAAOSwPjhby3cb&LH_Auction=1
2018-10-27 00:00:00,"Sold  Oct 27, 2018 6.5'' Arabic Calendar Astrolabe Arabic Globe Navigation Astrological Calendar",33.0,India,Near east,?,https://www.ebay.com/itm/6-5-Arabic-Calendar-Astrolabe-Arabic-Globe-Navigation-Astrological-Calendar/263994301117?hash=item3d77495abd%3Ag%3ADvIAAOSwty5bxxgy&LH_Auction=1
2018-12-09 00:00:00,"Sold  Dec 9, 2018 HOARD OF 10 ANCIENT CELTIC DECORATIVE BRONZE BELLS - 100 BC - FOUND TOGETHER!",56.5,Bosnia and Herzegovina,Celt,?,https://www.ebay.com/itm/HOARD-OF-10-ANCIENT-CELTIC-DECORATIVE-BRONZE-BELLS-100-BC-FOUND-TOGETHER/132871957386?hash=item1eefc92b8a%3Ag%3Apc8AAOSwIMBboSvQ&LH_Auction=1
2018-10-27 00:00:00,"Sold  Oct 27, 2018 BYZANTINE LEAD SEAL/ BLEISIEGEL OF JOHN PATRICIUS (7th c.). NICE PIECE!",39.0,Cyprus,Byzantine,?,https://www.ebay.com/itm/BYZANTINE-LEAD-SEAL-BLEISIEGEL-OF-JOHN-PATRICIUS-7th-c-NICE-PIECE/173598340931?hash=item286b447743%3Ag%3AX9sAAOSwfvlbvzNA&LH_Auction=1
2018-11-26 00:00:00,"Sold  Nov 26, 2018 Rare Ancient Egyptian Scribe - Old Kingdom (2494-2345 BC)",54.21,United Kingdom,Egyptian,?,https://www.ebay.com/itm/Rare-Ancient-Egyptian-Scribe-Old-Kingdom-2494-2345-BC/173649245130?hash=item286e4d33ca%3Ag%3ApK0AAOSwWlFbr6dF&LH_Auction=1
2019-01-11 00:00:00,"Sold  Jan 11, 2019 Ancient Egyptian Blue Anubis  (c.3100-c.2890 BC)",59.37,United Kingdom,Egyptian,?,https://www.ebay.com/itm/Ancient-Egyptian-Blue-Anubis-c-3100-c-2890-BC/173723795160?hash=item2872bebed8%3Ag%3A%7ECEAAOSwwkRb-HBj&LH_Auction=1
2018-12-29 00:00:00,"Sold  Dec 29, 2018 Lot of Roman KNlFES  - Warriors Relics Metal Detector Found circa 100 AD (+371)",1.28,,Roman,?,
2018-12-12 00:00:00,"Sold  Dec 12, 2018 SUPERB ANCIENT ROMAN BRONZE DOLPHIN DECORATION / CHILD TOY? - 100/200 AD - RARE!",6.5,Bosnia and Herzegovina,Roman,?,https://www.ebay.com/itm/SUPERB-ANCIENT-ROMAN-BRONZE-DOLPHIN-DECORATION-CHILD-TOY-100-200-AD-RARE/132878149608?hash=item1ef027a7e8%3Ag%3AIAQAAOSwZ8pcB6mC&LH_Auction=1
2019-01-13 00:00:00,"Sold  Jan 13, 2019 Throwing Scythian Ax,  2nd century AD",9.99,Ukraine,Central asia,?,https://www.ebay.com/itm/Throwing-Scythian-Ax-2nd-century-AD/233079812437?hash=item3644a3b155%3Ag%3AZ1QAAOSwPWtcLnBi&LH_Auction=1
2018-12-31 00:00:00,"Sold  Dec 31, 2018 Mixed Artifact Lot Roman, Medieval etc.",10.49,United States,Roman,?,https://www.ebay.com/itm/Mixed-Artifact-Lot-Roman-Medieval-etc/372546636397?hash=item56bd828a6d%3Ag%3AFbIAAOSwS1Vbp8DI&LH_Auction=1
2018-11-18 00:00:00,"Sold  Nov 18, 2018 FRAGMENT FROM A BRONZE AGE HORSE BIT, MADE OF BRONZE+++",19.99,United States,Bronze age,?,https://www.ebay.com/itm/FRAGMENT-FROM-A-BRONZE-AGE-HORSE-BIT-MADE-OF-BRONZE/223227054050?hash=item33f95e87e2%3Ag%3A1xkAAOSwmfhX6ZMM&LH_Auction=1
2018-12-17 00:00:00,"Sold  Dec 17, 2018 Ancient Teracotta Lion head Bactrian 300 BC NO RESERVE #TR5828",9.99,Malaysia,Central asia,?,https://www.ebay.com/itm/Ancient-Teracotta-Lion-head-Bactrian-300-BC-NO-RESERVE-TR5828/113438937499?hash=item1a697cd19b%3Ag%3AbaQAAOSwnfRb3EHG&LH_Auction=1
2018-11-06 00:00:00,"Sold  Nov 6, 2018 Ancient Greek Archaic Bronze horseman  L=45x25mm 10gr",11.5,Netherlands,Greek,?,https://www.ebay.com/itm/Ancient-Greek-Archaic-Bronze-horseman-L-45x25mm-10gr/223210646895?hash=item33f8642d6f%3Ag%3AAGsAAOSwH%7ERb2JVr&LH_Auction=1
2018-12-21 00:00:00,"Sold  Dec 21, 2018 Rare Ancient Egyptian Green Horus (c.2400-2300)",43.88,United Kingdom,Egyptian,?,https://www.ebay.com/itm/Rare-Ancient-Egyptian-Green-Horus-c-2400-2300/173692076948?hash=item2870dac394%3Ag%3Ako8AAOSwylhb3N6A&LH_Auction=1
2018-12-09 00:00:00,"Sold  Dec 9, 2018 BEAUTIFUL ANCIENT EGYPTIAN STONE SARCOPHAGUS W/ HEIROGLYPHS",416.73,,Egyptian,?,
2018-10-26 00:00:00,"Sold  Oct 26, 2018 BEAUTIFUL ANCIENT EGYPTIAN EYE OF HORUS  (5)",9.68,Canada,Egyptian,?,https://www.ebay.com/itm/BEAUTIFUL-ANCIENT-EGYPTIAN-EYE-OF-HORUS-5/332846032891?hash=item4d7f2b67fb%3Ag%3Auv0AAOSwr4ZbyenO&LH_Auction=1
2019-01-07 00:00:00,"Sold  Jan 7, 2019 ANCIENT GREEK OR ROMAN BRONZE BAR - DECORATED",1.28,,Greek,?,
2018-10-27 00:00:00,"Sold  Oct 27, 2018 ANCIENT VIKING BRONZE ARTIFACTS",29.0,,Viking,?,
2018-11-25 00:00:00,"Sold  Nov 25, 2018 Roman Bronze Fitting in the Form of a Swan's Head, 1st to 2nd Century",2.19,United Kingdom,Roman,?,https://www.ebay.com/itm/Roman-Bronze-Fitting-in-the-Form-of-a-Swans-Head-1st-to-2nd-Century/392175536994?hash=item5b4f7bcb62%3Ag%3AUBwAAOSwzDFb4LIb&LH_Auction=1
2018-12-29 00:00:00,"Sold  Dec 29, 2018 Ancient silver jewelery temporal Vikings, Kievan Rus 9-12 AD № 483/2.",29.99,,Viking,?,
2018-11-14 00:00:00,"Sold  Nov 14, 2018 Islamic ancient rare stump with intagilo scorpion lapis lazuli stone # A8",15.99,Thailand,Islamic,?,https://www.ebay.com/itm/Islamic-ancient-rare-stump-with-intagilo-scorpion-lapis-lazuli-stone-A8/183519670725?hash=item2aba9ff1c5%3Ag%3ANxwAAOSwucNb0eS0&LH_Auction=1
2018-12-01 00:00:00,"Sold  Dec 1, 2018 Roman PEriod !? Terracotta Theater Ticket !!? RARE!",15.5,United States,Roman,?,https://www.ebay.com/itm/Roman-PEriod-Terracotta-Theater-Ticket-RARE/292831881760?hash=item442e23ea20%3Ag%3AMpkAAOSwySZb-aGR&LH_Auction=1
2019-01-09 00:00:00,"Sold  Jan 9, 2019 ANCIENT CANAANITE  STONE CYLINDER SEAL",28.0,France,Near east,?,https://www.ebay.com/itm/ANCIENT-CANAANITE-STONE-CYLINDER-SEAL/273636597559?hash=item3fb6031f37%3Ag%3ApEYAAOSwXIdcLP%7EB&LH_Auction=1
2018-12-09 00:00:00,"Sold  Dec 9, 2018 ANCIENT ROMAN BRONZE HANDLE WITH PHALLUS - 100/200 AD - 13 cm",38.0,,Roman,?,
2018-11-06 00:00:00,"Sold  Nov 6, 2018 Bronze Roman Bar",12.26,,Roman,?,
2018-11-25 00:00:00,"Sold  Nov 25, 2018 ANCIENT ROMAN BRONZE MATRIX-MOULD 2-3 AD",12.89,United Kingdom,Roman,?,https://www.ebay.com/itm/ANCIENT-ROMAN-BRONZE-MATRIX-MOULD-2-3-AD/253982598955?hash=item3b228ae72b%3Ag%3ASS0AAOSwJtVbubum&LH_Auction=1
2018-12-16 00:00:00,"Sold  Dec 16, 2018 BYZANTINE LEAD SEAL/ BLEISIEGEL OF THE OFFICER BRACHAMIUS  (7th cent.).",39.0,Cyprus,Byzantine,?,https://www.ebay.com/itm/BYZANTINE-LEAD-SEAL-BLEISIEGEL-OF-THE-OFFICER-BRACHAMIUS-7th-cent/173675317878?hash=item286fdb0a76%3Ag%3AFg8AAOSwWAhcBr7F&LH_Auction=1
2018-11-08 00:00:00,"Sold  Nov 8, 2018 AUTHENTIC MEDIEVAL VIKING MILITARY IRON D@GGER W/ HANDLE - L599",49.04,United Kingdom,Viking,?,https://www.ebay.com/itm/AUTHENTIC-MEDIEVAL-VIKING-MILITARY-IRON-D-GGER-W-HANDLE-L599/253949554279?hash=item3b2092ae67%3Ag%3A3GgAAOSwA29b0dOL&LH_Auction=1
2018-12-28 00:00:00,"Sold  Dec 28, 2018 ancient Viking Large bell ""Sea shell"" REALLY ancient",5.5,Russia,Viking,?,https://www.ebay.com/itm/ancient-Viking-Large-bell-Sea-shell-REALLY-ancient/183592706838?hash=item2abefa6316%3Ag%3AUQcAAOSwHglcGPPa&LH_Auction=1
2018-12-09 00:00:00,"Sold  Dec 9, 2018 Mixed Artifact Lot Roman, Medieval etc.",13.01,United States,Roman,?,https://www.ebay.com/itm/Mixed-Artifact-Lot-Roman-Medieval-etc/372521943335?hash=item56bc09c127%3Ag%3AjhIAAOSwR39bnXt6&LH_Auction=1
2018-11-07 00:00:00,"Sold  Nov 7, 2018 Roman military equipment",37.56,Cyprus,Roman,?,https://www.ebay.com/itm/Roman-military-equipment/292797402605?hash=item442c15cded%3Ag%3AVawAAOSw9V9b2gx8&LH_Auction=1
2018-11-21 00:00:00,"Sold  Nov 21, 2018 VERY RARE-ANCIENT GREEK BRONZE AMPHORA END STRAP CIRCA 500 BC-LARGE SIZE",12.26,,Greek,?,
2018-12-09 00:00:00,"Sold  Dec 9, 2018 ROMAN MILITARY LEGIONARY BRONZE DIPLOMA FRAGMENT - circa 1St - 2ND A.D.",88.0,United Kingdom,Roman,?,https://www.ebay.com/itm/ROMAN-MILITARY-LEGIONARY-BRONZE-DIPLOMA-FRAGMENT-circa-1St-2ND-A-D/223267618465?hash=item33fbc97ea1%3Ag%3A8OAAAOSw%7EVBcBBZ9&LH_Auction=1
2019-01-05 00:00:00,"Sold  Jan 5, 2019 HUGE ANTIQUE VINTAGE TERRACOTTA CHINESE HORSE TANG DYNASTY SCULPTURE 210,0m 823g",64.53,United Kingdom,China,?,https://www.ebay.com/itm/HUGE-ANTIQUE-VINTAGE-TERRACOTTA-CHINESE-HORSE-TANG-DYNASTY-SCULPTURE-210-0m-823g/264100774681?hash=item3d7da20319%3Ag%3AhBQAAOSwctJb-BGB&LH_Auction=1
2018-11-04 00:00:00,"Sold  Nov 4, 2018 156	Ancient Roman bronze scalpel",21.29,Paracin,Roman,?,https://www.ebay.com/itm/156-Ancient-Roman-bronze-scalpel/183503475853?hash=item2ab9a8d48d%3Ag%3Ar%7E4AAOSwAOxb0e6N&LH_Auction=1
2018-12-02 00:00:00,"Sold  Dec 2, 2018 SL02 LOT OF 5 ANCIENT ROMAN IRON AROW HEANS",17.42,United Kingdom,Roman,?,https://www.ebay.com/itm/SL02-LOT-OF-5-ANCIENT-ROMAN-IRON-AROW-HEANS/283273219052?hash=item41f4664bec%3Ag%3AddkAAOSwabRb9sGZ&LH_Auction=1
2018-10-22 00:00:00,"Sold  Oct 22, 2018 Large Rare Ancient Egyptian Faience Pharaoh (945-715 BC.)",10.97,United Kingdom,Egyptian,?,https://www.ebay.com/itm/Large-Rare-Ancient-Egyptian-Faience-Pharaoh-945-715-BC/263995060696?hash=item3d7754f1d8%3Ag%3ArDQAAOSwvYZbx6TG&LH_Auction=1
2018-12-12 00:00:00,"Sold  Dec 12, 2018 SUPERB ANCIENT ROMAN BRONZE HEAD - IMPERIAL WORK! - 100/200 AD - RARE!",86.0,Bosnia and Herzegovina,Roman,?,https://www.ebay.com/itm/SUPERB-ANCIENT-ROMAN-BRONZE-HEAD-IMPERIAL-WORK-100-200-AD-RARE/132878156909?hash=item1ef027c46d%3Ag%3Ai8UAAOSwhexcB6yZ&LH_Auction=1
2018-12-07 00:00:00,"Sold  Dec 7, 2018 SCARCE - BYZANTINE ERA BRONZE ROUND WITH WITH ISLAMIC DESCRIPTIONS CIRCA 500-700",1.61,Cyprus,Byzantine,?,https://www.ebay.com/itm/SCARCE-BYZANTINE-ERA-BRONZE-ROUND-WITH-WITH-ISLAMIC-DESCRIPTIONS-CIRCA-500-700/392183689078?hash=item5b4ff82f76%3Ag%3AaCkAAOSwEOJcAYSf&LH_Auction=1
2018-12-08 00:00:00,"Sold  Dec 8, 2018 Rare Large Ancient Egyptian ISIS With Anubis Old Kingdom (c. 2686–2181 BCE )",72.27,,Egyptian,?,
2019-01-19 00:00:00,"Sold  Jan 19, 2019 RARE ANCIENT GANDHARA BRONZE BIRD NICE QUALITY (3)",7.81,United Kingdom,Indus,?,https://www.ebay.com/itm/RARE-ANCIENT-GANDHARA-BRONZE-BIRD-NICE-QUALITY-3/312428278110?hash=item48be2d315e%3Ag%3AsFMAAOSw5i5cPKRP&LH_Auction=1
2018-12-24 00:00:00,"Sold  Dec 24, 2018 EXTREMELY RARE ANCIENT GREEK BRONZE MOLD FOR A FINGER CIRCA 2500-1500 BC",12.0,,Greek,?,
2018-11-18 00:00:00,"Sold  Nov 18, 2018 ROMAN TERRACOTTA POT, RARE ANCIENT ARTIFACT (2)",29.68,Hong Kong,Roman,?,https://www.ebay.com/itm/ROMAN-TERRACOTTA-POT-RARE-ANCIENT-ARTIFACT-2/312317586831?hash=item48b7942d8f%3Ag%3A1WcAAOSwdzhb6uWY&LH_Auction=1
2018-10-29 00:00:00,"Sold  Oct 29, 2018 Ancient Lovely Female Roman Head 3000 BC",31.0,United States,Roman,?,https://www.ebay.com/itm/Ancient-Lovely-Female-Roman-Head-3000-BC/202478843015?hash=item2f24adf487%3Ag%3A9gwAAOSw9sNbzr5n&LH_Auction=1
2018-12-03 00:00:00,"Sold  Dec 3, 2018 Rare Large Ancient Egyptian Faience Ramses II  (1279 - 1213 Bce )",59.37,United Kingdom,Egyptian,?,https://www.ebay.com/itm/Rare-Large-Ancient-Egyptian-Faience-Ramses-II-1279-1213-Bce/173661398049?hash=item286f06a421%3Ag%3A5r4AAOSw5oxb4Ch6&LH_Auction=1
2018-12-16 00:00:00,"Sold  Dec 16, 2018 ANCIENT ROMAN AND CELTIC BRONZE ARTIFACT FRAGMENT FIND A METAL DETECTOR",11.5,Bulgaria,Celt,?,https://www.ebay.com/itm/ANCIENT-ROMAN-AND-CELTIC-BRONZE-ARTIFACT-FRAGMENT-FIND-A-METAL-DETECTOR/173683775503?hash=item28705c180f%3Ag%3AsngAAOSwIsdcDXnx&LH_Auction=1
2018-11-04 00:00:00,"Sold  Nov 4, 2018 Big Egyptian Pectoral Shrine for Tutmosis III - ca. 11,5 cm.",33.88,Germany,Egyptian,?,https://www.ebay.com/itm/Big-Egyptian-Pectoral-Shrine-for-Tutmosis-III-ca-11-5-cm/163309039914?hash=item2605fa312a%3Ag%3ANgwAAOSwmN1bkn45&LH_Auction=1
2019-01-13 00:00:00,"Sold  Jan 13, 2019 Roman Bronze Chariot Attachment Horse's Head",17.99,,Roman,?,
2018-10-30 00:00:00,"Sold  Oct 30, 2018 SCARCE ANCIENT ROMAN LEGIONARY BRONZE OBJECT EAGLE AQUILLA",14.98,United Kingdom,Roman,?,https://www.ebay.com/itm/SCARCE-ANCIENT-ROMAN-LEGIONARY-BRONZE-OBJECT-EAGLE-AQUILLA/153229277385?hash=item23ad2d38c9%3Ag%3AeX8AAOSwZdRbzui7&LH_Auction=1
2019-01-05 00:00:00,"Sold  Jan 5, 2019 ANCIENT ROMAN LEAD ANIMAL VERY NICE AND INTEREST 14.4gr 35.3mm",5.25,United Kingdom,Roman,?,https://www.ebay.com/itm/ANCIENT-ROMAN-LEAD-ANIMAL-VERY-NICE-AND-INTEREST-14-4gr-35-3mm/312392410009?hash=item48bc09e399%3Ag%3ApiEAAOSwwfFcHN7M&LH_Auction=1
2018-12-14 00:00:00,"Sold  Dec 14, 2018 Franklin Mint, The Fighting Men of the American Revolution - Virginia Officer",14.0,United States,America,?,https://www.ebay.com/itm/Franklin-Mint-The-Fighting-Men-of-the-American-Revolution-Virginia-Officer/332934078410?hash=item4d846adfca%3Ag%3Abg8AAOSwfQ9cAiOt&LH_Auction=1
2018-12-03 00:00:00,"Sold  Dec 3, 2018 RARE ROMAN / MEDIEVAL BRONZE PHALERA WITH IMAGE OF A HORSE",35.0,Austria,Roman,?,https://www.ebay.com/itm/RARE-ROMAN-MEDIEVAL-BRONZE-PHALERA-WITH-IMAGE-OF-A-HORSE/223266278445?hash=item33fbb50c2d%3Ag%3A1O8AAOSw%7EodcAtDJ&LH_Auction=1
2018-11-07 00:00:00,"Sold  Nov 7, 2018 35# Old Rare Islamic Antique Ottoman Turkish Yelek Waistcoat Hand Embroidered",177.5,Germany,Near east,?,https://www.ebay.com/itm/35-Old-Rare-Islamic-Antique-Ottoman-Turkish-Yelek-Waistcoat-Hand-Embroidered/163339919673?hash=item2607d16139%3Ag%3A6E4AAOSwwXRb1QoQ&LH_Auction=1
2018-11-16 00:00:00,"Sold  Nov 16, 2018 UNIQUE LOCK BRONZE ROMAN CLOATH APPLICATION",0.99,Bosnia and Herzegovina,Roman,?,https://www.ebay.com/itm/UNIQUE-LOCK-BRONZE-ROMAN-CLOATH-APPLICATION/323542021582?hash=item4b549b75ce%3Ag%3AQpMAAOSwR6Bbw1wq&LH_Auction=1
2018-10-24 00:00:00,"Sold  Oct 24, 2018 Ancient Roman Bronze Applique - Flower Decoration  circa 100 AD  (1580+)",1.28,United Kingdom,Roman,?,https://www.ebay.com/itm/Ancient-Roman-Bronze-Applique-Flower-Decoration-circa-100-AD-1580/401618874325?hash=item5d8259afd5%3Ag%3ABPMAAOSwkQBbr2g6&LH_Auction=1
2018-12-13 00:00:00,"Sold  Dec 13, 2018 LOT OF 3 RARE BRONZE ROMAN BELLS //850",15.5,Austria,Roman,?,https://www.ebay.com/itm/LOT-OF-3-RARE-BRONZE-ROMAN-BELLS-850/153289668024?hash=item23b0c6b5b8%3Ag%3A7xAAAOSw%7EVBcBlBZ&LH_Auction=1
2018-11-30 00:00:00,"Sold  Nov 30, 2018 VIKINGS STEEL WATCH NEW 2018 (RARE)",0.99,Russia,Viking,?,https://www.ebay.com/itm/VIKINGS-STEEL-WATCH-NEW-2018-RARE/223252808022?hash=item33fae78156%3Ag%3ALDEAAOSwGUpb-wP4&LH_Auction=1
2018-11-13 00:00:00,"Sold  Nov 13, 2018 Very Beautiful Persian Nisha-puri Lovely Turquoise Stone Persain Turquoise # Ai9",26.0,United States,Near east,?,https://www.ebay.com/itm/Very-Beautiful-Persian-Nisha-puri-Lovely-Turquoise-Stone-Persain-Turquoise-Ai9/223216095516?hash=item33f8b7511c%3Ag%3AyfUAAOSwtxlb3dli&LH_Auction=1
2018-12-16 00:00:00,"Sold  Dec 16, 2018 BRITISH DETECTOR FINDS PAIR OF TWO ANCIENT VIKING BRONZE APPLIQUES W/DRAGON HEAD",4.12,United Kingdom,Viking,?,https://www.ebay.com/itm/BRITISH-DETECTOR-FINDS-PAIR-OF-TWO-ANCIENT-VIKING-BRONZE-APPLIQUES-W-DRAGON-HEAD/153291038607?hash=item23b0db9f8f%3Ag%3AnhMAAOSwM5tcB5um&LH_Auction=1
2019-01-04 00:00:00,"Sold  Jan 4, 2019 Pair of Pre-Columbian  Mayan Jadeite  Water Lily  Ear Spools Ear Flares",200.0,,America,?,
2019-01-12 00:00:00,"Sold  Jan 12, 2019 EXTREMELY RARE  ANCIENT ROMAN  STONE FOOT SUPERB.9,6 GR.40 MM",12.26,United Kingdom,Roman,?,https://www.ebay.com/itm/EXTREMELY-RARE-ANCIENT-ROMAN-STONE-FOOT-SUPERB-9-6-GR-40-MM/254049886836?hash=item3b268da274%3Ag%3AHFAAAOSwBZBcLIe5&LH_Auction=1
2019-01-12 00:00:00,"Sold  Jan 12, 2019 THE VIKING BRONZE  COLOR Tobacco Pipe museum quality artifact VERY Stunning",23.37,Morocco,Viking,?,https://www.ebay.com/itm/THE-VIKING-BRONZE-COLOR-Tobacco-Pipe-museum-quality-artifact-VERY-Stunning/254050783218?hash=item3b269b4ff2%3Ag%3AUTYAAOSwmOBcAyCk&LH_Auction=1
2018-12-04 00:00:00,"Sold  Dec 4, 2018 Rare Roman Lock Mechanism",6.44,,Roman,?,
2018-12-26 00:00:00,"Sold  Dec 26, 2018 AUTHENTIC ANCIENT GREEK ERA BRONZE SW0RD W/ LUNAR DECORATION - L929",170.36,United Kingdom,Greek,?,https://www.ebay.com/itm/AUTHENTIC-ANCIENT-GREEK-ERA-BRONZE-SW0RD-W-LUNAR-DECORATION-L929/254025930196?hash=item3b252015d4%3Ag%3Ay1kAAOSwXi9cE9Xp&LH_Auction=1
2018-11-20 00:00:00,"Sold  Nov 20, 2018 Roman Baldric Rosettes And Other Mounts",2.84,United Kingdom,Roman,?,https://www.ebay.com/itm/Roman-Baldric-Rosettes-And-Other-Mounts/401631912867?hash=item5d8320a3a3%3Ag%3AT-cAAOSwnFpb5Yxx&LH_Auction=1
2019-01-13 00:00:00,"Sold  Jan 13, 2019 Rare piece of ancient Egyptian civilization 2",19.5,Egypt,Egyptian,?,https://www.ebay.com/itm/Rare-piece-of-ancient-Egyptian-civilization-2/183619565002?hash=item2ac09435ca%3Ag%3AYO4AAOSwHEZcLqGd&LH_Auction=1
2019-01-04 00:00:00,"Sold  Jan 4, 2019 VINTAGE VIKING DRAGON SHIP MODEL LONGBOAT NORSEMEN NORSE NAUTICAL",26.0,United States,Viking,?,https://www.ebay.com/itm/VINTAGE-VIKING-DRAGON-SHIP-MODEL-LONGBOAT-NORSEMEN-NORSE-NAUTICAL/233072664122?hash=item3644369e3a%3Ag%3AsagAAOSwFAtcBHHT&LH_Auction=1
2018-12-18 00:00:00,"Sold  Dec 18, 2018 LARGE ANCIENT EGYPTIAN GLAZED FAIENCE FACE OF PHAROAH",17.42,United Kingdom,Egyptian,?,https://www.ebay.com/itm/LARGE-ANCIENT-EGYPTIAN-GLAZED-FAIENCE-FACE-OF-PHAROAH/153297958861?hash=item23b14537cd%3Ag%3A1LAAAOSwFx5cDmlq&LH_Auction=1
2018-11-22 00:00:00,"Sold  Nov 22, 2018 Roman Old Lapis lazuli Emperor carved Face engraved Stone   #6J",83.0,Thailand,Roman,?,https://www.ebay.com/itm/Roman-Old-Lapis-lazuli-Emperor-carved-Face-engraved-Stone-6J/283265123047?hash=item41f3eac2e7%3Ag%3As8YAAOSwcapb8HB7&LH_Auction=1
2018-12-08 00:00:00,"Sold  Dec 8, 2018 EXTREMELY RARE-PERFECT-ROMAN IMPERIAL TERRACOTTA MUG - DECORATED 150mm",33.56,United Kingdom,Roman,?,https://www.ebay.com/itm/EXTREMELY-RARE-PERFECT-ROMAN-IMPERIAL-TERRACOTTA-MUG-DECORATED-150mm/264061800616?hash=item3d7b4f50a8%3Ag%3AHdIAAOSw8iZb%7EPmP&LH_Auction=1
2018-11-27 00:00:00,"Sold  Nov 27, 2018 Battle Kisten,  Kievan Rus -  Vikings  - 10 - 13th century AD",62.13,Ukraine,Viking,?,https://www.ebay.com/itm/Battle-Kisten-Kievan-Rus-Vikings-10-13th-century-AD/233010038933?hash=item36407b0895%3Ag%3AZGAAAOSwu3dbvSmq&LH_Auction=1
2018-12-01 00:00:00,"Sold  Dec 1, 2018 ATLANTIS Bible Flood CTHULHU LEGEND Egypt  EGYPTIAN Roman Rome Greece GREEK MYTH",71.0,United States,Egyptian,?,https://www.ebay.com/itm/ATLANTIS-Bible-Flood-CTHULHU-LEGEND-Egypt-EGYPTIAN-Roman-Rome-Greece-GREEK-MYTH/362490245107?hash=item54661a2ff3%3Ag%3AN84AAOSwmkBb8aXR&LH_Auction=1
2019-01-05 00:00:00,"Sold  Jan 5, 2019 Lot of Roman KNlFES  - Warriors Relics Metal Detector Found circa 100 AD (+410)",40.01,,Roman,?,
2019-01-04 00:00:00,"Sold  Jan 4, 2019 CIRCA 100-300AD ROMAN ERA BRONZE SURGICAL IMPLEMENT. RARE",24.52,Latvia,Roman,?,https://www.ebay.com/itm/CIRCA-100-300AD-ROMAN-ERA-BRONZE-SURGICAL-IMPLEMENT-RARE/153320228982?hash=item23b2990876%3Ag%3AYjcAAOSwTDpcJkTc&LH_Auction=1
2019-01-11 00:00:00,"Sold  Jan 11, 2019 1748 ANCIENT HISTORY of Egyptians, Carthaginians, Assyrians, Babylonians..",85.0,United States,Egyptian,?,https://www.ebay.com/itm/1748-ANCIENT-HISTORY-of-Egyptians-Carthaginians-Assyrians-Babylonians/113512350870?hash=item1a6ddd0496%3Ag%3AgykAAOSwxJ9cKcoL&LH_Auction=1
2018-12-15 00:00:00,"Sold  Dec 15, 2018 Authentic Unique Greek Terracotta Head 5/4th Century B.C.",90.0,United Kingdom,Greek,?,https://www.ebay.com/itm/Authentic-Unique-Greek-Terracotta-Head-5-4th-Century-B-C/202534168093?hash=item2f27fa261d%3Ag%3AebEAAOSwxFVcBk14&LH_Auction=1
2018-12-09 00:00:00,"Sold  Dec 9, 2018 ROMAN MEDIEVAL BLUE GLASS ROOSTER HEAD - BEAUTIFUL WORK, RARE!",3.0,Bosnia and Herzegovina,Roman,?,https://www.ebay.com/itm/ROMAN-MEDIEVAL-BLUE-GLASS-ROOSTER-HEAD-BEAUTIFUL-WORK-RARE/132871929628?hash=item1eefc8bf1c%3Ag%3AOk0AAOSwcZJbv5F4&LH_Auction=1
2018-12-09 00:00:00,"Sold  Dec 9, 2018 BYZANTINE LEAD SEAL/ BLEISIEGEL OF SERGIUS CHARTULARIUS (7th cent.). VERY NICE!",29.0,Cyprus,Byzantine,?,https://www.ebay.com/itm/BYZANTINE-LEAD-SEAL-BLEISIEGEL-OF-SERGIUS-CHARTULARIUS-7th-cent-VERY-NICE/173667787153?hash=item286f682191%3Ag%3AGRgAAOSwsPNcAQ6M&LH_Auction=1
2018-11-18 00:00:00,"Sold  Nov 18, 2018 HISTORIAE ROMANAE, SEXTUS AURELIUS, 1696.",69.69,United States,Roman,?,https://www.ebay.com/itm/HISTORIAE-ROMANAE-SEXTUS-AURELIUS-1696/382627605755?hash=item591661ecfb%3Ag%3A6C0AAOSw1qhb6IP9&LH_Auction=1
2018-10-28 00:00:00,"Sold  Oct 28, 2018 ROMAN ANCIENT BRONZE FISH APPLIQUE- 200-400 AD (1)",27.8,Thailand,Roman,?,https://www.ebay.com/itm/ROMAN-ANCIENT-BRONZE-FISH-APPLIQUE-200-400-AD-1/312277052461?hash=item48b529ac2d%3Ag%3ARy4AAOSw989bxbJX&LH_Auction=1
2018-12-02 00:00:00,"Sold  Dec 2, 2018 A