Date,Object,Price,Location,Category,Object Type,Material,Link
2019-01-28 00:00:00,"Sold  Jan 28, 2019 Ancient Viking Norse SILVER Hammer Thor's axe Amulet Pendant Museum Quality",51.0,,Viking | ,weapon | jewellery | religious | ,metal | ,
2019-02-01 00:00:00,"Sold  Feb 1, 2019 Ancient Egyptian Rare Antique Canopic Jars Sons Of Horus In Box Carved Stone BC",203.0,Egypt,Egyptian | ,religious | vessel | household | ,stone | ,https://www.ebay.com/itm/Ancient-Egyptian-Rare-Antique-Canopic-Jars-Sons-Of-Horus-In-Box-Carved-Stone-BC/132932596919?hash=item1ef36674b7%3Ag%3A230AAOSwWk5cJY1H&LH_Auction=1
2019-02-03 00:00:00,"Sold  Feb 3, 2019 Ancient Roman Bronze Ring Original Authentic Antique Rare R584",1.0,Ukraine,Roman | ,jewellery | ,metal | ,https://www.ebay.com/itm/Ancient-Roman-Bronze-Ring-Original-Authentic-Antique-Rare-R584/143106143672?hash=item2151ca75b8%3Ag%3AUb0AAOSwBPRcI6D4&LH_Auction=1
2019-02-23 00:00:00,"Sold  Feb 23, 2019 VERY RARE ANCIENT ROMAN PERIOD FISH HOOK PENDANT 2nd-3rd Cent AD (2)",5.05,United States,Roman | ,jewellery | ,,https://www.ebay.com/itm/VERY-RARE-ANCIENT-ROMAN-PERIOD-FISH-HOOK-PENDANT-2nd-3rd-Cent-AD-2/312482939058?hash=item48c16f40b2%3Ag%3A9zQAAOSwxXZcatI0&LH_Auction=1
2019-01-31 00:00:00,"Sold  Jan 31, 2019  Beautiful Ancient Unique Wonderful Brass Roman old Ring",15.5,Thailand,Roman | ,jewellery | ,,https://www.ebay.com/itm/Beautiful-Ancient-Unique-Wonderful-Brass-Roman-old-Ring/123614114105?hash=item1cc7f9b139%3Ag%3Aq8wAAOSwohVcTK6K&LH_Auction=1
2019-03-02 00:00:00,"Sold  Mar 2, 2019 BEAUTIFUL POST MEDIEVAL GENUINE TRIPLE CHAINED ORTHODOX BRONZE CENSER w/ CROSS+",79.99,Bulgaria,Medieval | ,religious | ,metal | ,https://www.ebay.com/itm/BEAUTIFUL-POST-MEDIEVAL-GENUINE-TRIPLE-CHAINED-ORTHODOX-BRONZE-CENSER-w-CROSS/323707688344?hash=item4b5e7b5598%3Ag%3ApCQAAOSwrpJcCvnH&LH_Auction=1
2019-01-27 00:00:00,"Sold  Jan 27, 2019 SCARCE-INTACT LATE ROMAN BRONZE VOTIVE STICK WITH A BIRD ON THE TOP CIRCA 400-45",67.7,Cyprus,Roman | ,religious | ,metal | ,https://www.ebay.com/itm/SCARCE-INTACT-LATE-ROMAN-BRONZE-VOTIVE-STICK-WITH-A-BIRD-ON-THE-TOP-CIRCA-400-45/202571622711?hash=item2f2a35a937%3Ag%3AvGwAAOSwH61cRLSC&LH_Auction=1
2019-01-15 00:00:00,"Sold  Jan 15, 2019 Rare ancient solid silver Roman dice , 1st to 3rd Century ad",34.43,United Kingdom,Roman | ,household | ,metal | ,https://www.ebay.com/itm/Rare-ancient-solid-silver-Roman-dice-1st-to-3rd-Century-ad/264128810109?hash=item3d7f4dcc7d%3Ag%3AYjsAAOSwUVFcN261&LH_Auction=1
2019-01-30 00:00:00,"Sold  Jan 30, 2019 1 Ancient Neolithic Red Jasper Bead, Stone Age, VERY RARE !!",4.36,Germany,Pre-historic | ,jewellery | ,stone | ,https://www.ebay.com/itm/1-Ancient-Neolithic-Red-Jasper-Bead-Stone-Age-VERY-RARE/153352115856?hash=item23b47f9690%3Ag%3ASnsAAOSwKwhcSuDH&LH_Auction=1
2019-01-15 00:00:00,"Sold  Jan 15, 2019 EGYPTIAN SEMI PRECIOUS STONE CARVING OF A PHAROAH. RARE",21.19,United Kingdom,Egyptian | ,statue | ,stone | ,https://www.ebay.com/itm/EGYPTIAN-SEMI-PRECIOUS-STONE-CARVING-OF-A-PHAROAH-RARE/153331655123?hash=item23b34761d3%3Ag%3AVi8AAOSwNTNcNHqd&LH_Auction=1
2019-01-30 00:00:00,"Sold  Jan 30, 2019 AUTHENTIC ANCIENT INDUS VALLEY TERRACOTTA BOWL W/ FISH  - L108",62.54,United Kingdom,Indus | ,vessel | ,terracotta | ,https://www.ebay.com/itm/AUTHENTIC-ANCIENT-INDUS-VALLEY-TERRACOTTA-BOWL-W-FISH-L108/254079723642?hash=item3b2854e87a%3Ag%3AWOIAAOSwJ89cQbr4&LH_Auction=1
2018-12-19 00:00:00,"Sold  Dec 19, 2018 Rare Ancient Roman Terracotta Spoon Artifact",1.25,,Roman | ,household | ,terracotta | ,
2018-12-09 00:00:00,"Sold  Dec 9, 2018 5	Ancient Celtic early bronze bracelet 70 mm",15.23,Austria,Celt | ,jewellery | ,metal | ,https://www.ebay.com/itm/5-Ancient-Celtic-early-bronze-bracelet-70-mm/173663880468?hash=item286f2c8514%3Ag%3AzMIAAOSwa%7EFb%7EiAg&LH_Auction=1
2019-01-27 00:00:00,"Sold  Jan 27, 2019 Rare Antique Ancient Egyptian Khufu big pyramid 7 wonders grave 2589–2566 BC",49.0,,Egyptian | ,?,,
2018-12-27 00:00:00,"Sold  Dec 27, 2018 rare ancient solid ring roman silver stunning artifact rare type with stone",0.99,Morocco,Roman | ,jewellery | ,stone | metal | ,https://www.ebay.com/itm/rare-ancient-solid-ring-roman-silver-stunning-artifact-rare-type-with-stone/254037872384?hash=item3b25d64f00%3Ag%3ADS8AAOSwBfhcICfM&LH_Auction=1
2019-01-16 00:00:00,"Sold  Jan 16, 2019 Old phoenician wonderous  old gigantic glass bead",15.0,Thailand,Near east | ,jewellery | ,glass | ,https://www.ebay.com/itm/Old-phoenician-wonderous-old-gigantic-glass-bead/143087477002?hash=item2150ada10a%3Ag%3Ah2EAAOSwgotcOMFX&LH_Auction=1
2019-01-20 00:00:00,"Sold  Jan 20, 2019 ancient Egyptian clay flatback figurine of thoth as a baboon",22.51,,Egyptian | ,statue | ,terracotta | ,
2018-12-06 00:00:00,"Sold  Dec 6, 2018 5 x GRAND TOUR Egyptian Blue Glazed Pottery Scarab Beetle Beads Faience #T3",15.22,United Kingdom,Egyptian | ,jewellery | vessel | ,terracotta | ,https://www.ebay.com/itm/5-x-GRAND-TOUR-Egyptian-Blue-Glazed-Pottery-Scarab-Beetle-Beads-Faience-T3/352530621957?hash=item5214766605%3Ag%3AFFQAAOSwA29b%7ETwQ&LH_Auction=1
2019-02-14 00:00:00,"Sold  Feb 14, 2019 CIRCA 664-332BC ANCIENT EGYPTIAN GLAZED FAIENCE USHABTI SHABTI 17CM WITH HEIROGL",78.14,United Kingdom,Egyptian | ,statue | ,terracotta | ,https://www.ebay.com/itm/CIRCA-664-332BC-ANCIENT-EGYPTIAN-GLAZED-FAIENCE-USHABTI-SHABTI-17CM-WITH-HEIROGL/153365992194?hash=item23b5535302%3Ag%3AlfQAAOSw1XNcWbcg&LH_Auction=1
2019-01-29 00:00:00,"Sold  Jan 29, 2019 BEAUTIFUL ANCIENT EGYPTIAN BRONZE THOTH STATUETTE 700-500BC",76.81,United Kingdom,Egyptian | ,statue | ,metal | ,https://www.ebay.com/itm/BEAUTIFUL-ANCIENT-EGYPTIAN-BRONZE-THOTH-STATUETTE-700-500BC/153348817590?hash=item23b44d42b6%3Ag%3A6nYAAOSwcapcRuT0&LH_Auction=1
2019-02-16 00:00:00,"Sold  Feb 16, 2019 STUNNING EXTREMELY RARE ANCIENT LARGE MARBLE HEAD STONE FANTASTIC.417 GR.70 MM",90.06,United Kingdom,,?,stone | ,https://www.ebay.com/itm/STUNNING-EXTREMELY-RARE-ANCIENT-LARGE-MARBLE-HEAD-STONE-FANTASTIC-417-GR-70-MM/254111598489?hash=item3b2a3b4799%3Ag%3AfQ8AAOSwpptcWq%7EA&LH_Auction=1
2019-01-20 00:00:00,"Sold  Jan 20, 2019 MEDIEVAL CRUSADER AGE SILVER ENGRAVED RING,FLEUR-DE-LIS 12-13 AD",74.16,United Kingdom,Medieval | near east | ,jewellery | ,metal | ,https://www.ebay.com/itm/MEDIEVAL-CRUSADER-AGE-SILVER-ENGRAVED-RING-FLEUR-DE-LIS-12-13-AD/254069528494?hash=item3b27b957ae%3Ag%3A9dIAAOSwxLFcOciU&LH_Auction=1
2019-01-22 00:00:00,"Sold  Jan 22, 2019 Rare ancient Roman Silver Male Figure intaglio ring , c 1st to 3rd Century ad .",13.91,United Kingdom,Roman | ,jewellery | statue | ,metal | ,https://www.ebay.com/itm/Rare-ancient-Roman-Silver-Male-Figure-intaglio-ring-c-1st-to-3rd-Century-ad/254077789686?hash=item3b283765f6%3Ag%3AARgAAOSwiJZcQItX&LH_Auction=1
2018-12-09 00:00:00,"Sold  Dec 9, 2018 Russian Turkish islamic antique sword shamshir",2570.0,,Russian | islamic | ,weapon | ,,
2019-01-04 00:00:00,"Sold  Jan 4, 2019 MUSEUM QUALITY ROMAN BRONZE MALE FACE ORNAMENT APPLIQUE CIRCA 200-400 AD",23.97,United States,Roman | ,jewellery | decoration | ,metal | ,https://www.ebay.com/itm/MUSEUM-QUALITY-ROMAN-BRONZE-MALE-FACE-ORNAMENT-APPLIQUE-CIRCA-200-400-AD/202550294332?hash=item2f28f0373c%3Ag%3AmAEAAOSwlypcJll3&LH_Auction=1
2019-02-07 00:00:00,"Sold  Feb 7, 2019 RARE ANCIENT ROMAN LEGIONARY SILVER SEAL RING BULL DEPICTION",86.08,Macedonia,Roman | ,jewellery | ,metal | ,https://www.ebay.com/itm/RARE-ANCIENT-ROMAN-LEGIONARY-SILVER-SEAL-RING-BULL-DEPICTION/153357838126?hash=item23b4d6e72e%3Ag%3AjKQAAOSwYbdcUYfr&LH_Auction=1
2019-02-15 00:00:00,"Sold  Feb 15, 2019 Natural Persian Islamic Evil eye Banded Carnelian ring  ring 7.67-gm us:7.5",9.99,Pakistan,Islamic | near east | ,jewellery | ,stone | ,https://www.ebay.com/itm/Natural-Persian-Islamic-Evil-eye-Banded-Carnelian-ring-ring-7-67-gm-us-7-5/192819682649?hash=item2ce4f2dd59%3Ag%3AQyIAAOSwRDpb39Pb&LH_Auction=1
2018-12-19 00:00:00,"Sold  Dec 19, 2018 Super Roman Key",19.87,,Roman | ,household | ,,
2019-01-26 00:00:00,"Sold  Jan 26, 2019 Roman openwork brooch",13.06,United Kingdom,Roman | ,clothing | ,,https://www.ebay.com/itm/Roman-openwork-brooch/292922026765?hash=item4433836b0d%3Ag%3AUdsAAOSwuHdcP4Sc&LH_Auction=1
2019-02-26 00:00:00,"Sold  Feb 26, 2019 PARTIALLY CLEANED ROMAN BRONZE COIN TO ID",5.03,United Kingdom,Roman | ,coin | ,metal | ,https://www.ebay.com/itm/PARTIALLY-CLEANED-ROMAN-BRONZE-COIN-TO-ID/153385563949?hash=item23b67df72d%3Ag%3Auu4AAOSwKptca9Ym&LH_Auction=1
2019-01-04 00:00:00,"Sold  Jan 4, 2019 LOVELY GROUP OF ANCIENT VIKING DECORATED GLASS BEADS",30.0,Russia,Viking | ,jewellery | ,glass | ,https://www.ebay.com/itm/LOVELY-GROUP-OF-ANCIENT-VIKING-DECORATED-GLASS-BEADS/183603719914?hash=item2abfa26eea%3Ag%3Ai6cAAOSwohVcIiPe&LH_Auction=1
2019-02-23 00:00:00,"Sold  Feb 23, 2019 RARE HUGE PHOENICIAN FACE PENDANT 300BC SUPER QUALITY (12)",23.97,United Kingdom,Near east | ,jewellery | ,,https://www.ebay.com/itm/RARE-HUGE-PHOENICIAN-FACE-PENDANT-300BC-SUPER-QUALITY-12/312483172477?hash=item48c172d07d%3Ag%3AEBEAAOSwtLxcavea&LH_Auction=1
2019-01-27 00:00:00,"Sold  Jan 27, 2019  ANCIENT BRONZE ROMAN FIBULA ( DOG HUNTING RABBIT)",18.5,Serbia,Roman | ,clothing | ,metal | ,https://www.ebay.com/itm/ANCIENT-BRONZE-ROMAN-FIBULA-DOG-HUNTING-RABBIT/183645079112?hash=item2ac2198648%3Ag%3AG3cAAOSwNphcHVfW&LH_Auction=1
2019-01-29 00:00:00,"Sold  Jan 29, 2019 Ancient Roman Silver Phallus Amulet Pendant Talisman Phallic Museum quality",20.5,,Roman | ,jewellery | ,metal | ,
2018-12-24 00:00:00,"Sold  Dec 24, 2018 AUTHENTIC ANCIENT ROMAN GLASS PERFUME JAR / BOTTLE - L912",27.81,United Kingdom,Roman | ,vessel | ,glass | ,https://www.ebay.com/itm/AUTHENTIC-ANCIENT-ROMAN-GLASS-PERFUME-JAR-BOTTLE-L912/254025677399?hash=item3b251c3a57%3Ag%3AruoAAOSwvytcE5sS&LH_Auction=1
2019-02-27 00:00:00,"Sold  Feb 27, 2019 ANCIENT BRONZE  EARLY CELTIC AXE #2",52.0,Serbia,Celt | ,weapon | ,metal | ,https://www.ebay.com/itm/ANCIENT-BRONZE-EARLY-CELTIC-AXE-2/183698853868?hash=item2ac54e0fec%3Ag%3A2q4AAOSwqctcYFls&LH_Auction=1
2018-12-19 00:00:00,"Sold  Dec 19, 2018 ANCIENT BRONZE OIL LAMP FILLER ROMAN",60.0,,Roman | ,vessel | ,metal | ,
2019-02-09 00:00:00,"Sold  Feb 9, 2019 Wonderful Antique Rare Unique Eye Mosaic Glass Beautiful Ring With 2 Birds",9.99,,,jewellery | household | ,glass | ,
2019-01-27 00:00:00,"Sold  Jan 27, 2019 CIRCA 715-332BC - ANCIENT EGYPTIAN CARTOUCHE SEAL RING -INTACT WITH HIEROGLYPHS",13.24,United Kingdom,Egyptian | ,jewellery | text | ,,https://www.ebay.com/itm/CIRCA-715-332BC-ANCIENT-EGYPTIAN-CARTOUCHE-SEAL-RING-INTACT-WITH-HIEROGLYPHS/223335567411?hash=item33ffd65033%3Ag%3ANFIAAOSwSudcRKli&LH_Auction=1
2019-01-12 00:00:00,"Sold  Jan 12, 2019 RARE HUGE PHOENICIAN FACE VASE PENDANT 300BC SUPER QUALITY (3)",31.78,United Kingdom,Near east | ,jewellery | vessel | ,,https://www.ebay.com/itm/RARE-HUGE-PHOENICIAN-FACE-VASE-PENDANT-300BC-SUPER-QUALITY-3/312418611990?hash=item48bd99b316%3Ag%3APm0AAOSwESRcM2h7&LH_Auction=1
2019-02-25 00:00:00,"Sold  Feb 25, 2019 Rare ancient Near Eastern bronze/brass cylinder seal pendant, 300 bc",13.91,United Kingdom,Near east | ,jewellery | ,metal | ,https://www.ebay.com/itm/Rare-ancient-Near-Eastern-bronze-brass-cylinder-seal-pendant-300-bc/264206109576?hash=item3d83e94b88%3Ag%3ALWUAAOSwkJNcbXOQ&LH_Auction=1
2019-01-05 00:00:00,"Sold  Jan 5, 2019 BEAUTIFUL ANCIENT EGYPTIAN BLUE AMULET 300 BC (9)",41.05,Canada,Egyptian | ,jewellery | ,,https://www.ebay.com/itm/BEAUTIFUL-ANCIENT-EGYPTIAN-BLUE-AMULET-300-BC-9/312408868210?hash=item48bd050572%3Ag%3AhPMAAOSwa1ZcKjst&LH_Auction=1
2018-12-08 00:00:00,"Sold  Dec 8, 2018 Ancient Roman Period Decorated Hair Comb 2nd-3rd Cent AD (1)",7.28,United States,Roman | ,?,,https://www.ebay.com/itm/Ancient-Roman-Period-Decorated-Hair-Comb-2nd-3rd-Cent-AD-1/312352780889?hash=item48b9ad3259%3Ag%3AwgsAAOSwLSZcBVXx&LH_Auction=1
2019-01-19 00:00:00,"Sold  Jan 19, 2019 EGYPTIAN HIEROGLYPHIC SHABTI, LATE PERIOD 664 - 332 BC (11) 17 cm TALL !!!!",43.7,United Kingdom,Egyptian | ,statue | text | ,,https://www.ebay.com/itm/EGYPTIAN-HIEROGLYPHIC-SHABTI-LATE-PERIOD-664-332-BC-11-17-cm-TALL/312428513361?hash=item48be30c851%3Ag%3AmAQAAOSwG49cPMox&LH_Auction=1
2019-02-14 00:00:00,"Sold  Feb 14, 2019 BEAUTIFUL ANTIQUE ISLAMIC BRONZE OIL LAMP IN THE FORM OF A BEAST",162.9,United Kingdom,Islamic | ,vessel | ,metal | ,https://www.ebay.com/itm/BEAUTIFUL-ANTIQUE-ISLAMIC-BRONZE-OIL-LAMP-IN-THE-FORM-OF-A-BEAST/153365066085?hash=item23b5453165%3Ag%3AVysAAOSwabRb%7EmwG&LH_Auction=1
2019-02-02 00:00:00,"Sold  Feb 2, 2019 RARE HUGE PHOENICIAN VASE PENDANT 300BC SUPER QUALITY (4)",12.58,United Kingdom,Near east | ,jewellery | vessel | ,,https://www.ebay.com/itm/RARE-HUGE-PHOENICIAN-VASE-PENDANT-300BC-SUPER-QUALITY-4/312448720893?hash=item48bf651ffd%3Ag%3AvxYAAOSw6o5cTyWd&LH_Auction=1
2019-01-23 00:00:00,"Sold  Jan 23, 2019 AUTHENTIC ANCIENT BYZANTINE BRONZE PENDANT W/ MARY & JESUS - J92",23.84,United Kingdom,Greek | byzantine | ,jewellery | ,metal | ,https://www.ebay.com/itm/AUTHENTIC-ANCIENT-BYZANTINE-BRONZE-PENDANT-W-MARY-JESUS-J92/254065061754?hash=item3b27752f7a%3Ag%3AJJoAAOSw3-9cOLuM&LH_Auction=1
2018-12-25 00:00:00,"Sold  Dec 25, 2018 Saharian NEOLITHIC - Jasper ARROWHEAD - 40.5 mm LONG",17.0,Mauritania,Pre-historic | ,weapon | ,,https://www.ebay.com/itm/Saharian-NEOLITHIC-Jasper-ARROWHEAD-40-5-mm-LONG/123551569444?hash=item1cc43f5624%3Ag%3AAb4AAOSwu3ZcGNpq&LH_Auction=1
2019-01-30 00:00:00,"Sold  Jan 30, 2019 GENUINE ANCIENT WOOLY MAMMOTH FOSSIL BEADS  - rare",38.41,United Kingdom,,jewellery | ,,https://www.ebay.com/itm/GENUINE-ANCIENT-WOOLY-MAMMOTH-FOSSIL-BEADS-rare/401692975580?hash=item5d86c461dc%3Ag%3AV68AAOSw-k5cSIk%7E&LH_Auction=1
2018-12-12 00:00:00,"Sold  Dec 12, 2018 6 Ancient Neolithic Red Jasper Beads, Stone Age, VERY RARE !!",15.0,Germany,Pre-historic | ,jewellery | ,stone | ,https://www.ebay.com/itm/6-Ancient-Neolithic-Red-Jasper-Beads-Stone-Age-VERY-RARE/153294345204?hash=item23b10e13f4%3Ag%3AFbsAAOSwyUFcCqwz&LH_Auction=1
2019-02-02 00:00:00,"Sold  Feb 2, 2019 4 Ancient Neolithic Carnelian Beads, Stone Age, VERY RARE !!",11.5,Germany,Pre-historic | ,jewellery | ,stone | ,https://www.ebay.com/itm/4-Ancient-Neolithic-Carnelian-Beads-Stone-Age-VERY-RARE/153355684439?hash=item23b4b60a57%3Ag%3AJqcAAOSwz6lcTxZW&LH_Auction=1
2019-02-14 00:00:00,"Sold  Feb 14, 2019 Roman military brooch with silver decoration",36.0,Cyprus,Roman | ,decoration | clothing | ,metal | ,https://www.ebay.com/itm/Roman-military-brooch-with-silver-decoration/303054366986?hash=item468f72a90a%3Ag%3AX8gAAOSwqpFcXHnn&LH_Auction=1
2019-02-12 00:00:00,"Sold  Feb 12, 2019 LARGE & IMPRESSIVE ANCIENT EGYPTIAN STONE STATUE OF PHAROAH",150.98,Canada,Egyptian | ,statue | ,stone | ,https://www.ebay.com/itm/LARGE-IMPRESSIVE-ANCIENT-EGYPTIAN-STONE-STATUE-OF-PHAROAH/153364561865?hash=item23b53d7fc9%3Ag%3A6FsAAOSwdqNcWEOZ&LH_Auction=1
2019-02-09 00:00:00,"Sold  Feb 9, 2019 Superb Middle Eastern Sassanian square crystal seal pendant",7.28,,Near east | ,jewellery | ,,
2019-01-28 00:00:00,"Sold  Jan 28, 2019 Roman Rare Unique Old Ceramic pottery Drink Rhyton in the form Horse Head    #8Q",122.5,Thailand,Roman | ,vessel | ,,https://www.ebay.com/itm/Roman-Rare-Unique-Old-Ceramic-pottery-Drink-Rhyton-in-the-form-Horse-Head-8Q/283350314893?hash=item41f8feaf8d%3Ag%3ART8AAOSwF5VcSLK0&LH_Auction=1
2019-01-26 00:00:00,"Sold  Jan 26, 2019 Neolithic polished stone axe head",51.65,United Kingdom,Pre-historic | ,weapon | ,stone | ,https://www.ebay.com/itm/Neolithic-polished-stone-axe-head/173749522346?hash=item2874474faa%3Ag%3AmNwAAOSwc6ZcQyJ7&LH_Auction=1
2019-01-12 00:00:00,"Sold  Jan 12, 2019 Really Old !! Ancient Vintage Ring Estate Sale Jewelry Found in Bottom of Box !",43.0,United States,,jewellery | household | ,,https://www.ebay.com/itm/Really-Old-Ancient-Vintage-Ring-Estate-Sale-Jewelry-Found-in-Bottom-of-Box/323636653340?hash=item4b5a3f6d1c%3Ag%3AkHcAAOSwoAFcFUhF&LH_Auction=1
2019-01-02 00:00:00,"Sold  Jan 2, 2019  Lovely Ancient Unique Roman old Seal intaglio Bronze  Bead",12.5,Thailand,Roman | ,jewellery | ,metal | ,https://www.ebay.com/itm/Lovely-Ancient-Unique-Roman-old-Seal-intaglio-Bronze-Bead/123564249326?hash=item1cc500d0ee%3Ag%3AoY0AAOSwv0dcI7pH&LH_Auction=1
2018-12-14 00:00:00,"Sold  Dec 14, 2018 Saharian NEOLITHIC - Granodiorite AXE - 69 mm LONG",9.5,Mauritania,Pre-historic | ,weapon | ,,https://www.ebay.com/itm/Saharian-NEOLITHIC-Granodiorite-AXE-69-mm-LONG/123531518466?hash=item1cc30d6202%3Ag%3A3-AAAOSwLKhcCmEu&LH_Auction=1
2019-02-17 00:00:00,"Sold  Feb 17, 2019 164	Lot of 6 Roman bronze needles and tools",12.58,United Kingdom,Roman | ,tool | ,metal | ,https://www.ebay.com/itm/164-Lot-of-6-Roman-bronze-needles-and-tools/173780229781?hash=item28761bde95%3Ag%3A1TMAAOSwrWNcWlX9&LH_Auction=1
2019-02-02 00:00:00,"Sold  Feb 2, 2019 Stunning Rare Unique Ancient Roman Silver ring Senatorial Legionary Face Emperor",29.99,Bulgaria,Roman | ,jewellery | ,metal | ,https://www.ebay.com/itm/Stunning-Rare-Unique-Ancient-Roman-Silver-ring-Senatorial-Legionary-Face-Emperor/183655642370?hash=item2ac2bab502%3Ag%3AR9UAAOSwEcdcTM0c&LH_Auction=1
2019-01-19 00:00:00,"Sold  Jan 19, 2019 BEAUTIFUL ANCIENT EGYPTIAN SCARAB 300 BC (1)",37.08,United States,Egyptian | ,jewellery | ,,https://www.ebay.com/itm/BEAUTIFUL-ANCIENT-EGYPTIAN-SCARAB-300-BC-1/312428520215?hash=item48be30e317%3Ag%3A8NkAAOSwvGZcPMxh&LH_Auction=1
2019-01-08 00:00:00,"Sold  Jan 8, 2019 Ancient Viking Norse SILVER Pendant Inscribed SHIP/GALLEY Symbols museum quality",24.5,Morocco,Viking | ,jewellery | text | ,metal | ,https://www.ebay.com/itm/Ancient-Viking-Norse-SILVER-Pendant-Inscribed-SHIP-GALLEY-Symbols-museum-quality/332968510683?hash=item4d867844db%3Ag%3A7f4AAOSwnfRcHJ4o&LH_Auction=1
2019-02-18 00:00:00,"Sold  Feb 18, 2019 VERY RARE - INTACT ANCIENT GREEK TERRACOTTA VASE IN HUMAN FACE SHAPED CA 500-300",32.84,Cyprus,Greek | ,vessel | ,terracotta | ,https://www.ebay.com/itm/VERY-RARE-INTACT-ANCIENT-GREEK-TERRACOTTA-VASE-IN-HUMAN-FACE-SHAPED-CA-500-300/392236399157?hash=item5b531c7a35%3Ag%3AbgYAAOSw2EJcYZ5T&LH_Auction=1
2019-02-01 00:00:00,"Sold  Feb 1, 2019 Rare Antique Egyptian Stone Ancient Scarab Beetle Amulet Figurine..(1069–332 BC)",25.0,,Egyptian | ,jewellery | statue | ,stone | ,
2019-01-07 00:00:00,"Sold  Jan 7, 2019 EXTREMELY Ancient VIKING SILVER RING museum quality ARTIFACT Magnificent RING",11.5,Morocco,Viking | ,jewellery | ,metal | ,https://www.ebay.com/itm/EXTREMELY-Ancient-VIKING-SILVER-RING-museum-quality-ARTIFACT-Magnificent-RING/173712553293?hash=item287213354d%3Ag%3AfFsAAOSwAFFcJuX1&LH_Auction=1
2019-02-02 00:00:00,"Sold  Feb 2, 2019 100 BC Mediterranean Antiquity drawn Gold in Glass Beads Rare Ancient Trade",104.5,,,jewellery | ,glass | metal | ,
2018-12-29 00:00:00,"Sold  Dec 29, 2018 Lot of 6 Ancient Roman Bronze Coins circa 100 - 300 AD - Ref.243",1.31,United Kingdom,Roman | ,coin | ,metal | ,https://www.ebay.com/itm/Lot-of-6-Ancient-Roman-Bronze-Coins-circa-100-300-AD-Ref-243/302867771825?hash=item46845371b1%3Ag%3AulYAAOSwlUhbjDwl&LH_Auction=1
2018-12-05 00:00:00,"Sold  Dec 5, 2018 *SC*RARE GREEK BOETIAN STEMMED POTTERY BOWL, ca. 6th.-5th. cent. BC!!",149.0,Denmark,Greek | ,vessel | ,,https://www.ebay.com/itm/SC-RARE-GREEK-BOETIAN-STEMMED-POTTERY-BOWL-ca-6th-5th-cent-BC/223252988082?hash=item33faea40b2%3Ag%3Ag1AAAOSwo1lb-xwS&LH_Auction=1
2019-02-17 00:00:00,"Sold  Feb 17, 2019 Large Celtic Bronze Brooch Fibula",17.99,,Celt | ,clothing | ,metal | ,
2019-01-10 00:00:00,"Sold  Jan 10, 2019 VRY RARE TYPE SAUCER OIL LAMP   TIME 2500BC   archaeolgy",72.99,United States,,vessel | ,,https://www.ebay.com/itm/VRY-RARE-TYPE-SAUCER-OIL-LAMP-TIME-2500BC-archaeolgy/401676800776?hash=item5d85cd9308%3Ag%3Ab-cAAOSwN3NcKsqT&LH_Auction=1
2018-12-18 00:00:00,"Sold  Dec 18, 2018 LOT OF 3 -ANCIENT ROMAN BATTLE IRON ARROW ARROWHEAD - c. 300-400 AD",14.75,Austria,Roman | ,weapon | ,metal | ,https://www.ebay.com/itm/LOT-OF-3-ANCIENT-ROMAN-BATTLE-IRON-ARROW-ARROWHEAD-c-300-400-AD/223280361513?hash=item33fc8bf029%3Ag%3ANqMAAOSwVMJcD%7EXN&LH_Auction=1
2019-03-02 00:00:00,"Sold  Mar 2, 2019 Ultra Rare Huge Stone Age Ancient Neolithic Anthromorphic Vinca Idol 4500BC (4)",41.05,United Kingdom,Pre-historic | ,statue | ,stone | ,https://www.ebay.com/itm/Ultra-Rare-Huge-Stone-Age-Ancient-Neolithic-Anthromorphic-Vinca-Idol-4500BC-4/312501965976?hash=item48c2919498%3Ag%3AFDoAAOSwaAlcdCBm&LH_Auction=1
2019-02-09 00:00:00,"Sold  Feb 9, 2019 RARE BEAUTIFUL PHOENICIAN DECORATIVE FINGER RING 300BC (1)",11.26,United Kingdom,Near east | ,jewellery | ,,https://www.ebay.com/itm/RARE-BEAUTIFUL-PHOENICIAN-DECORATIVE-FINGER-RING-300BC-1/312459753182?hash=item48c00d76de%3Ag%3AGdkAAOSwT89cWEFV&LH_Auction=1
2018-12-15 00:00:00,"Sold  Dec 15, 2018 VERY RARE LARGE PHOENICIAN GLASS FISH 300BC SUPER QUALITY (3)",13.61,United States,Near east | ,jewellery | ,glass | ,https://www.ebay.com/itm/VERY-RARE-LARGE-PHOENICIAN-GLASS-FISH-300BC-SUPER-QUALITY-3/312366403341?hash=item48ba7d0f0d%3Ag%3AY7wAAOSwOsFcDm8l&LH_Auction=1
2018-12-10 00:00:00,"Sold  Dec 10, 2018 *SC*A NICE PAIR OF THINBUTTED NEOLITHIC AXES, SILEX 4000-3000 BC!!",99.0,Denmark,Pre-historic | ,weapon | ,,https://www.ebay.com/itm/SC-A-NICE-PAIR-OF-THINBUTTED-NEOLITHIC-AXES-SILEX-4000-3000-BC/332922885066?hash=item4d83c013ca%3Ag%3AJXgAAOSw8L5cBZuh&LH_Auction=1
2019-02-17 00:00:00,"Sold  Feb 17, 2019 LOT OF 3 -ANCIENT ROMAN BATTLE IRON ARROW ARROWHEAD - c. 300-400 AD",13.5,Austria,Roman | ,weapon | ,metal | ,https://www.ebay.com/itm/LOT-OF-3-ANCIENT-ROMAN-BATTLE-IRON-ARROW-ARROWHEAD-c-300-400-AD/223381936765?hash=item340299da7d%3Ag%3AZEQAAOSw2hxcVd1H&LH_Auction=1
2019-01-27 00:00:00,"Sold  Jan 27, 2019 5 Ancient Neolithic Quartz Amulets, Stone Age, VERY RARE !!  TOP !!",10.37,Germany,Pre-historic | ,jewellery | ,stone | ,https://www.ebay.com/itm/5-Ancient-Neolithic-Quartz-Amulets-Stone-Age-VERY-RARE-TOP/153349197273?hash=item23b4530dd9%3Ag%3A4IIAAOSwQAdcR0Uw&LH_Auction=1
2019-02-02 00:00:00,"Sold  Feb 2, 2019 NEAR EASTERN ANCIENT SILVER PENDANT SEAL ANIMAL CARNELIAN STONE 53,0mm 15,4gr",55.62,United Kingdom,Near east | ,jewellery | ,stone | metal | ,https://www.ebay.com/itm/NEAR-EASTERN-ANCIENT-SILVER-PENDANT-SEAL-ANIMAL-CARNELIAN-STONE-53-0mm-15-4gr/312439637654?hash=item48beda8696%3Ag%3AEFQAAOSwAuJb9vh4&LH_Auction=1
2018-12-17 00:00:00,"Sold  Dec 17, 2018 AUTHENTIC ANCIENT INDUS VALLEY TERRACOTTA JAR W/ BULL & LION - L857",41.97,United Kingdom,Indus | ,vessel | ,terracotta | ,https://www.ebay.com/itm/AUTHENTIC-ANCIENT-INDUS-VALLEY-TERRACOTTA-JAR-W-BULL-LION-L857/254015797222?hash=item3b248577e6%3Ag%3AFHEAAOSwNphcCkAx&LH_Auction=1
2019-01-09 00:00:00,"Sold  Jan 9, 2019 RARE LOT OF 3 pcs. ANTIQUE WEDDING RINGS, METAL DETECTOR FINDS!!!",19.99,Bulgaria,,jewellery | ,metal | ,https://www.ebay.com/itm/RARE-LOT-OF-3-pcs-ANTIQUE-WEDDING-RINGS-METAL-DETECTOR-FINDS/283325384112?hash=item41f78245b0%3Ag%3AHRMAAOSwbX1cDwnh&LH_Auction=1
2019-01-02 00:00:00,"Sold  Jan 2, 2019 Ancient Viking Norse SILVER CROSS Pendant amulet museum quality HUGE MASSIVE",0.99,Morocco,Viking | ,jewellery | religious | ,metal | ,https://www.ebay.com/itm/Ancient-Viking-Norse-SILVER-CROSS-Pendant-amulet-museum-quality-HUGE-MASSIVE/254037798068?hash=item3b25d52cb4%3Ag%3AD8MAAOSwcnZcIA%7EM&LH_Auction=1
2019-01-13 00:00:00,"Sold  Jan 13, 2019 ANCIENT BRONZE WEDDING RING, CLASPED HANDS",72.0,Serbia,,jewellery | ,metal | ,https://www.ebay.com/itm/ANCIENT-BRONZE-WEDDING-RING-CLASPED-HANDS/202559144201?hash=item2f29774109%3Ag%3AH5kAAOSwuQhcMqRa&LH_Auction=1
2019-01-02 00:00:00,"Sold  Jan 2, 2019 Saharian NEOLITHIC - Flint ARROWHEAD - 31.7 mm LONG",12.5,Mauritania,Pre-historic | ,weapon | ,stone | ,https://www.ebay.com/itm/Saharian-NEOLITHIC-Flint-ARROWHEAD-31-7-mm-LONG/303009203623?hash=item468cc185a7%3Ag%3Aw-0AAOSwjiZcI8Bb&LH_Auction=1
2019-02-20 00:00:00,"Sold  Feb 20, 2019 Small Stone Age/Neolithic Flint Axe Head",47.68,United Kingdom,Pre-historic | ,weapon | ,stone | ,https://www.ebay.com/itm/Small-Stone-Age-Neolithic-Flint-Axe-Head/273695441748?hash=item3fb9850354%3Ag%3A1hsAAOSwuJlcYCKs&LH_Auction=1
2018-12-06 00:00:00,"Sold  Dec 6, 2018 Аncient iron arrowheads Vikings, Kievan Rus 10-13 AD № 469/12.",12.99,,Viking | ,weapon | ,metal | ,
2018-12-25 00:00:00,"Sold  Dec 25, 2018 ANCIENT ROMAN ERA EMPIRE BRONZE PHALLIC PENDANT FERTILITY SYMBOL 100-400AD",104.62,United Kingdom,Roman | ,jewellery | ,metal | ,https://www.ebay.com/itm/ANCIENT-ROMAN-ERA-EMPIRE-BRONZE-PHALLIC-PENDANT-FERTILITY-SYMBOL-100-400AD/254016010590?hash=item3b2488b95e%3Ag%3AQcIAAOSwlfNcCm97&LH_Auction=1
2019-03-01 00:00:00,"Sold  Mar 1, 2019 MUSEUM QUALITY ROMAN MILITARY SILVER SEAL RING DEPICTING EAGLE CA 200 AD",74.16,,Roman | ,jewellery | ,metal | ,
2019-01-12 00:00:00,"Sold  Jan 12, 2019 BEAUTIFUL LARGE ANCIENT EGYPTIAN BLUE PLAQUE 300 BC (1) 10 CM TALL",454.25,United Kingdom,Egyptian | ,statue | ,,https://www.ebay.com/itm/BEAUTIFUL-LARGE-ANCIENT-EGYPTIAN-BLUE-PLAQUE-300-BC-1-10-CM-TALL/312418794575?hash=item48bd9c7c4f%3Ag%3AE4sAAOSwsGpcM4IP&LH_Auction=1
2019-02-04 00:00:00,"Sold  Feb 4, 2019 Here is a rare ancient Egyptian shabti ushabti blue with hieroglyphics, 664-332",41.05,,Egyptian | ,statue | text | ,,
2019-02-26 00:00:00,"Sold  Feb 26, 2019 Lot of 10x Ancient Roman Iron Knife  L=130-225mm  330gr",17.5,Netherlands,Roman | ,weapon | ,metal | ,https://www.ebay.com/itm/Lot-of-10x-Ancient-Roman-Iron-Knife-L-130-225mm-330gr/223403827241?hash=item3403e7e029%3Ag%3AorIAAOSwM5tcOi4k&LH_Auction=1
2018-12-08 00:00:00,"Sold  Dec 8, 2018 (POST) MEDIEVAL BRACELET - RICHLY DECORATED - WEARABLE - LOW SAMPLE OF SILVER",36.0,,Medieval | ,jewellery | ,metal | ,
2019-02-09 00:00:00,"Sold  Feb 9, 2019 AUTHENTIC ANCIENT ROMAN ERA BRONZE SPATULA - TOOL - L43",8.61,United Kingdom,Roman | ,tool | ,metal | ,https://www.ebay.com/itm/AUTHENTIC-ANCIENT-ROMAN-ERA-BRONZE-SPATULA-TOOL-L43/254106846879?hash=item3b29f2c69f%3Ag%3AhMsAAOSws%7EVcOJuD&LH_Auction=1
2019-02-18 00:00:00,"Sold  Feb 18, 2019 ROMAN ANCIENT ARTIFACT BRONZE RING WITH TWO HAND CLIPSED",21.19,United Kingdom,Roman | ,jewellery | ,metal | ,https://www.ebay.com/itm/ROMAN-ANCIENT-ARTIFACT-BRONZE-RING-WITH-TWO-HAND-CLIPSED/183681173896?hash=item2ac4404988%3Ag%3A7UAAAOSwlflcYdcb&LH_Auction=1
2019-02-18 00:00:00,"Sold  Feb 18, 2019 LOW OUTBID !! Ancient VIKING SILVER Ring museum quality artifact VERY Stunning",45.0,Morocco,Viking | ,jewellery | ,metal | ,https://www.ebay.com/itm/LOW-OUTBID-Ancient-VIKING-SILVER-Ring-museum-quality-artifact-VERY-Stunning/173784928232?hash=item2876638fe8%3Ag%3AinoAAOSw0yVcXhhF&LH_Auction=1
2018-12-23 00:00:00,"Sold  Dec 23, 2018 BRITISH FOUND ANCIENT ROMAN BRONZE RING WITH DECORATED BEZEL",11.32,United Kingdom,Roman | ,jewellery | ,metal | ,https://www.ebay.com/itm/BRITISH-FOUND-ANCIENT-ROMAN-BRONZE-RING-WITH-DECORATED-BEZEL/153306291921?hash=item23b1c45ed1%3Ag%3A5g4AAOSwIGxcFrWr&LH_Auction=1
2019-02-03 00:00:00,"Sold  Feb 3, 2019 ANCIENT BRONZE ZOOMORPHIC FIGURINE FRAGMENT, HORSE",36.55,United States,,statue | ,metal | ,https://www.ebay.com/itm/ANCIENT-BRONZE-ZOOMORPHIC-FIGURINE-FRAGMENT-HORSE/192806580825?hash=item2ce42af259%3Ag%3ALBkAAOSwledcTmdn&LH_Auction=1
2019-01-06 00:00:00,"Sold  Jan 6, 2019 1 Ancient Neolithic Clay Bead, Stone Age, VERY RARE !!  TOP !!",19.5,Germany,Pre-historic | ,jewellery | ,stone | terracotta | ,https://www.ebay.com/itm/1-Ancient-Neolithic-Clay-Bead-Stone-Age-VERY-RARE-TOP/153324860235?hash=item23b2dfb34b%3Ag%3Ajn8AAOSwzEVcK5lC&LH_Auction=1
2018-12-09 00:00:00,"Sold  Dec 9, 2018 Ancient Roman Ornate Perfume Oil Bottle, Amazing Condition. 2nd/3rd Century",33.11,United Kingdom,Roman | ,vessel | ,,https://www.ebay.com/itm/Ancient-Roman-Ornate-Perfume-Oil-Bottle-Amazing-Condition-2nd-3rd-Century/183560214320?hash=item2abd0a9730%3Ag%3ASAwAAOSwsrlb%7EbYJ&LH_Auction=1
2019-02-14 00:00:00,"Sold  Feb 14, 2019 Stunning Uniques Ancient Roman Silver ring Senatorial Legionary ""Annuit coeptis""",30.99,Bulgaria,Roman | ,jewellery | ,metal | ,https://www.ebay.com/itm/Stunning-Uniques-Ancient-Roman-Silver-ring-Senatorial-Legionary-Annuit-coeptis/183674734304?hash=item2ac3de06e0%3Ag%3A3uoAAOSwCWNcUMo4&LH_Auction=1
2019-01-04 00:00:00,"Sold  Jan 4, 2019  Circa 1000-500 BC Egyptian Colored Faience Shabti Statue",30.46,Cyprus,Egyptian | ,statue | ,terracotta | ,https://www.ebay.com/itm/Circa-1000-500-BC-Egyptian-Colored-Faience-Shabti-Statue/392202696881?hash=item5b511a38b1%3Ag%3AOpAAAOSwCXxcJlP3&LH_Auction=1
2019-01-05 00:00:00,"Sold  Jan 5, 2019 STUNNING VINTAGE PAIR OF SILVER EARINGS SUPERB.2,3 GR.25 MM",13.91,United Kingdom,,jewellery | ,metal | ,https://www.ebay.com/itm/STUNNING-VINTAGE-PAIR-OF-SILVER-EARINGS-SUPERB-2-3-GR-25-MM/254034340490?hash=item3b25a06a8a%3Ag%3A1PsAAOSwrAFcHIGZ&LH_Auction=1
2019-02-27 00:00:00,"Sold  Feb 27, 2019 Ancient Roman 10-1 BC Mosaic two color 3 eye  bead  Very rare intact,",9.99,Bahrain,Roman | ,jewellery | household | ,,https://www.ebay.com/itm/Ancient-Roman-10-1-BC-Mosaic-two-color-3-eye-bead-Very-rare-intact/254133316822?hash=item3b2b86acd6%3Ag%3ALFwAAOSwB0hcbY8D&LH_Auction=1
2018-12-13 00:00:00,"Sold  Dec 13, 2018 Pre-Columbian Maya Effigy Vessel of a Coatimundi Early Classic ca. A.D 250-450",216.13,United States,,vessel | ,,https://www.ebay.com/itm/Pre-Columbian-Maya-Effigy-Vessel-of-a-Coatimundi-Early-Classic-ca-A-D-250-450/143044746354?hash=item214e219c72%3Ag%3AI5sAAOSw3fZZ%7Euhd&LH_Auction=1
2019-01-25 00:00:00,"Sold  Jan 25, 2019 ancient antique roman gold jewelry/earring",189.97,,Roman | ,jewellery | ,metal | ,
2019-01-27 00:00:00,"Sold  Jan 27, 2019 LARGE ROMAN BRONZE BELT BUCKLE",0.99,Austria,Roman | ,clothing | ,metal | ,https://www.ebay.com/itm/LARGE-ROMAN-BRONZE-BELT-BUCKLE/323658416597?hash=item4b5b8b81d5%3Ag%3AQBAAAOSwdxVcRKgh&LH_Auction=1
2018-12-08 00:00:00,"Sold  Dec 8, 2018 BEAUTIFUL ANCIENT EGYPTIAN SCARAB RING 300 BC (2)",19.2,United States,Egyptian | ,jewellery | ,,https://www.ebay.com/itm/BEAUTIFUL-ANCIENT-EGYPTIAN-SCARAB-RING-300-BC-2/312352754173?hash=item48b9acc9fd%3Ag%3A3XoAAOSw3MhcBVGR&LH_Auction=1
2019-01-05 00:00:00,"Sold  Jan 5, 2019 SCARCE ROMAN BRONZE VENUS BUST CIRCA 100-300 AD",121.84,,Roman | ,statue | ,metal | ,
2019-02-25 00:00:00,"Sold  Feb 25, 2019 ANCIENT ROMAN COPPER COINS,  2,000 YEARS OLD. UNGRADED",0.99,United States,Roman | ,coin | ,metal | ,https://www.ebay.com/itm/ANCIENT-ROMAN-COPPER-COINS-2-000-YEARS-OLD-UNGRADED/254130184977?hash=item3b2b56e311%3Ag%3Ag9oAAOSwp-Zcavtz&LH_Auction=1
2018-12-20 00:00:00,"Sold  Dec 20, 2018 Beautiful Greek Ornaments",27.81,,Greek | ,jewellery | decoration | ,,
2018-12-21 00:00:00,"Sold  Dec 21, 2018 A wonderful and unique silver plated old ring with Mosaic Glass Lovely # AE2",19.99,Thailand,,jewellery | household | ,glass | metal | ,https://www.ebay.com/itm/A-wonderful-and-unique-silver-plated-old-ring-with-Mosaic-Glass-Lovely-AE2/183580398479?hash=item2abe3e938f%3Ag%3AeYwAAOSwHMhbyJzC&LH_Auction=1
2019-02-05 00:00:00,"Sold  Feb 5, 2019 Rare ancient Near Eastern lapiz lazou Seal Pendant, 300 bc",8.61,United Kingdom,Near east | ,jewellery | ,,https://www.ebay.com/itm/Rare-ancient-Near-Eastern-lapiz-lazou-Seal-Pendant-300-bc/264172651880?hash=item3d81eac568%3Ag%3AxswAAOSwaJ9cUtzi&LH_Auction=1
2019-01-25 00:00:00,"Sold  Jan 25, 2019 TERRA SIGILLATA GOD GLADIATOR  ROMAN SAMIAN WARE STAMP ROMAN MARS STAMP",99.0,Germany,Roman | ,vessel | ,,https://www.ebay.com/itm/TERRA-SIGILLATA-GOD-GLADIATOR-ROMAN-SAMIAN-WARE-STAMP-ROMAN-MARS-STAMP/292924762539?hash=item4433ad29ab%3Ag%3A4WcAAOSwTEZcQeAl&LH_Auction=1
2019-02-03 00:00:00,"Sold  Feb 3, 2019 ANCIENT BRONZE RING",29.98,Ukraine,,jewellery | ,metal | ,https://www.ebay.com/itm/ANCIENT-BRONZE-RING/202578313855?hash=item2f2a9bc27f%3Ag%3AywUAAOSw6CNcTmdb&LH_Auction=1
2019-02-10 00:00:00,"Sold  Feb 10, 2019 100 Ancient Roman Clay Beads Romans VERY RARE!  TOP !!",22.27,Czech Republic,Roman | ,jewellery | ,terracotta | ,https://www.ebay.com/itm/100-Ancient-Roman-Clay-Beads-Romans-VERY-RARE-TOP/153365947476?hash=item23b552a454%3Ag%3AEHAAAOSwH61cWbJY&LH_Auction=1
2019-01-04 00:00:00,"Sold  Jan 4, 2019 Celtic axe formed amulet",20.5,Slovakia,Celt | ,weapon | jewellery | ,,https://www.ebay.com/itm/Celtic-axe-formed-amulet/303011068434?hash=item468cddfa12%3Ag%3AUbYAAOSw84ZcJikr&LH_Auction=1
2019-01-29 00:00:00,"Sold  Jan 29, 2019 Very old super nice lion intaglio stamp",11.0,Thailand,,?,,https://www.ebay.com/itm/Very-old-super-nice-lion-intaglio-stamp/123614967873?hash=item1cc806b841%3Ag%3ARQ0AAOSw5qdbziL4&LH_Auction=1
2019-03-02 00:00:00,"Sold  Mar 2, 2019 STUNNING TOP QUALITY POST MEDIEVAL RING WITH BIRDS (5)",8.01,United Kingdom,Medieval | ,jewellery | ,,https://www.ebay.com/itm/STUNNING-TOP-QUALITY-POST-MEDIEVAL-RING-WITH-BIRDS-5/312501957049?hash=item48c29171b9%3Ag%3AyhAAAOSw8VNcdB2-&LH_Auction=1
2019-01-04 00:00:00,"Sold  Jan 4, 2019 Stunning  Rare Wonderful Antique Agate intaglio face unique bead",9.99,,,jewellery | ,stone | ,
2018-12-17 00:00:00,"Sold  Dec 17, 2018 rare ancient solid ring bronze viking beautiful bronze ring authentic",17.99,Morocco,Viking | ,jewellery | ,metal | ,https://www.ebay.com/itm/rare-ancient-solid-ring-bronze-viking-beautiful-bronze-ring-authentic/254021141066?hash=item3b24d7024a%3Ag%3AVo4AAOSwpspbjC8d&LH_Auction=1
2019-02-24 00:00:00,"Sold  Feb 24, 2019 1st Century Ancient Rare Unique Roman Glass Medical used  Bottle   #9P",61.0,Thailand,Roman | ,vessel | ,glass | ,https://www.ebay.com/itm/1st-Century-Ancient-Rare-Unique-Roman-Glass-Medical-used-Bottle-9P/283386788861?hash=item41fb2b3bfd%3Ag%3AimMAAOSwJrpcbE1i&LH_Auction=1
2019-02-10 00:00:00,"Sold  Feb 10, 2019 Antique post medieval silvered ring wearable size J",12.58,United Kingdom,Medieval | ,jewellery | ,metal | ,https://www.ebay.com/itm/Antique-post-medieval-silvered-ring-wearable-size-J/183668133498?hash=item2ac3794e7a%3Ag%3Af4MAAOSwwPdcBqgp&LH_Auction=1
2018-12-28 00:00:00,"Sold  Dec 28, 2018 ANTIQUE STONE EYE IDOL",48.0,United States,,statue | ,stone | ,https://www.ebay.com/itm/ANTIQUE-STONE-EYE-IDOL/273615975379?hash=item3fb4c873d3%3Ag%3AB%7EEAAOSwvpVcGLZd&LH_Auction=1
2018-12-12 00:00:00,"Sold  Dec 12, 2018 Beautiful islamic ottoman Arabic mamluk revival silver inlay BOX & key of kaaba",565.0,Egypt,Islamic | near east | ,jewellery | household | ,metal | ,https://www.ebay.com/itm/Beautiful-islamic-ottoman-Arabic-mamluk-revival-silver-inlay-BOX-key-of-kaaba/123523293627?hash=item1cc28fe1bb%3Ag%3ArqIAAOSw5tNcA0lo&LH_Auction=1
2019-01-18 00:00:00,"Sold  Jan 18, 2019 AUTHENTIC POST MEDIEVAL BRONZE HAIRBRUSH WITH ORNAMENT",53.99,Russia,Medieval | ,jewellery | decoration | ,metal | ,https://www.ebay.com/itm/AUTHENTIC-POST-MEDIEVAL-BRONZE-HAIRBRUSH-WITH-ORNAMENT/183626336265?hash=item2ac0fb8809%3Ag%3AUj4AAOSwdaVcNIqy&LH_Auction=1
2019-02-20 00:00:00,"Sold  Feb 20, 2019 Rare ancient Egyptian blue scarab beetle, 300 bc",27.81,United Kingdom,Egyptian | ,jewellery | ,,https://www.ebay.com/itm/Rare-ancient-Egyptian-blue-scarab-beetle-300-bc/254125412158?hash=item3b2b0e0f3e%3Ag%3ANkAAAOSwlEZcZrGa&LH_Auction=1
2018-12-23 00:00:00,"Sold  Dec 23, 2018 Lapis lazuli Ancient Intaglio Stone Horse King attack amulet   # 7O",18.5,Thailand,,jewellery | ,stone | ,https://www.ebay.com/itm/Lapis-lazuli-Ancient-Intaglio-Stone-Horse-King-attack-amulet-7O/273616703500?hash=item3fb4d3900c%3Ag%3Aje0AAOSw3fxcGUfO&LH_Auction=1
2019-01-26 00:00:00,"Sold  Jan 26, 2019 Wonderful Ancient Excellent Roman Glass Lovely glass Necklace",30.0,Thailand,Roman | ,jewellery | ,glass | ,https://www.ebay.com/itm/Wonderful-Ancient-Excellent-Roman-Glass-Lovely-glass-Necklace/123605757426?hash=item1cc77a2df2%3Ag%3AbokAAOSwmfhcRgVx&LH_Auction=1
2019-01-07 00:00:00,"Sold  Jan 7, 2019 LOW OUTBID !! Rare Viking bronze Twisted RING 9-11 AD Kievan Rus",51.0,Morocco,Viking | ,jewellery | ,metal | ,https://www.ebay.com/itm/LOW-OUTBID-Rare-Viking-bronze-Twisted-RING-9-11-AD-Kievan-Rus/173712566079?hash=item287213673f%3Ag%3A3I8AAOSwJ3RcJurC&LH_Auction=1
2019-02-03 00:00:00,"Sold  Feb 3, 2019 Roman Bronze Swastika Ring and Roman Bronze Lunar Pendant Amulet Set",20.5,Bulgaria,Roman | ,jewellery | ,metal | ,https://www.ebay.com/itm/Roman-Bronze-Swastika-Ring-and-Roman-Bronze-Lunar-Pendant-Amulet-Set/273676959769?hash=item3fb86b0019%3Ag%3At%7E0AAOSw91JcNMgX&LH_Auction=1
2019-02-19 00:00:00,"Sold  Feb 19, 2019 1 Ancient Roman Carnelian Bead Romans VERY RARE!  TOP !!",13.0,Bahrain,Roman | ,jewellery | ,stone | ,https://www.ebay.com/itm/1-Ancient-Roman-Carnelian-Bead-Romans-VERY-RARE-TOP/153378111156?hash=item23b60c3eb4%3Ag%3ASi0AAOSwOAJcZXTO&LH_Auction=1
2018-12-29 00:00:00,"Sold  Dec 29, 2018 FANTASTIC ANCIENT STONE SEAL PENDANT PANTHER.SUPERB.16,5 GR.28 MM",9.93,United Kingdom,,jewellery | ,stone | ,https://www.ebay.com/itm/FANTASTIC-ANCIENT-STONE-SEAL-PENDANT-PANTHER-SUPERB-16-5-GR-28-MM/254030476691?hash=item3b25657593%3Ag%3AZ5oAAOSwcOZcGK1o&LH_Auction=1
2019-01-19 00:00:00,"Sold  Jan 19, 2019 Rare Unique Stunning Ancient Silver Viking Twisted Ring C 8th / 11th.cent AD.",6.5,Bulgaria,Viking | ,jewellery | ,metal | ,https://www.ebay.com/itm/Rare-Unique-Stunning-Ancient-Silver-Viking-Twisted-Ring-C-8th-11th-cent-AD/173737342931?hash=item28738d77d3%3Ag%3AzVMAAOSw6EpcOki6&LH_Auction=1
2019-01-19 00:00:00,"Sold  Jan 19, 2019 VERY RARE PHOENICIAN GLASS BIRD BEAD 300BC SUPER QUALITY (4)",11.26,Cyprus,Near east | ,jewellery | ,glass | ,https://www.ebay.com/itm/VERY-RARE-PHOENICIAN-GLASS-BIRD-BEAD-300BC-SUPER-QUALITY-4/312428304175?hash=item48be2d972f%3Ag%3A9mUAAOSwSn1cPK0b&LH_Auction=1
2019-01-26 00:00:00,"Sold  Jan 26, 2019 MUSEUM QUALITY ANCIENT BACTRIAN HEAD OF STONE STATUE KING VERY BEAUTIFUL 55.0mm",128.46,United Kingdom,Central asia | ,statue | ,stone | ,https://www.ebay.com/itm/MUSEUM-QUALITY-ANCIENT-BACTRIAN-HEAD-OF-STONE-STATUE-KING-VERY-BEAUTIFUL-55-0mm/264122893871?hash=item3d7ef3862f%3Ag%3AFjAAAOSwAThcNKBH&LH_Auction=1
2019-01-18 00:00:00,"Sold  Jan 18, 2019 Ancient Viking Old Bronze FABULOUS STATUS Ring Runic Ornament VERY RARE",23.5,Russia,Viking | ,jewellery | decoration | statue | ,metal | ,https://www.ebay.com/itm/Ancient-Viking-Old-Bronze-FABULOUS-STATUS-Ring-Runic-Ornament-VERY-RARE/183626345059?hash=item2ac0fbaa63%3Ag%3AeOsAAOSwxrJcNI3%7E&LH_Auction=1
2019-02-28 00:00:00,"Sold  Feb 28, 2019 VERY RARE ANCIENT ROMAN GLASS IDOL BUST  1st Century A.D.",7.28,United Kingdom,Roman | ,statue | ,glass | ,https://www.ebay.com/itm/VERY-RARE-ANCIENT-ROMAN-GLASS-IDOL-BUST-1st-Century-A-D/333085805605?hash=item4d8d760c25%3Ag%3A%7E8gAAOSwoG1cbs58&LH_Auction=1
2019-01-31 00:00:00,"Sold  Jan 31, 2019  DEER BRASS CARVED INTAGLIO BEAUTIFUL RING SIZE 9 COLLECTION",0.99,Thailand,,jewellery | ,,https://www.ebay.com/itm/DEER-BRASS-CARVED-INTAGLIO-BEAUTIFUL-RING-SIZE-9-COLLECTION/323667271698?hash=item4b5c12a012%3Ag%3AhuQAAOSwwDJcTHIf&LH_Auction=1
2019-02-10 00:00:00,"Sold  Feb 10, 2019  Unique Ancient Carnelian stone Roman intaglio stone Bead",47.0,Thailand,Roman | ,jewellery | ,stone | ,https://www.ebay.com/itm/Unique-Ancient-Carnelian-stone-Roman-intaglio-stone-Bead/123631114116?hash=item1cc8fd1784%3Ag%3A0coAAOSwMH9cWdwJ&LH_Auction=1
2019-03-02 00:00:00,"Sold  Mar 2, 2019 VERY RARE ANCIENT NEAR EASTERN SEAL 300 BC (5)",16.55,United Kingdom,Near east | ,jewellery | ,,https://www.ebay.com/itm/VERY-RARE-ANCIENT-NEAR-EASTERN-SEAL-300-BC-5/312501963457?hash=item48c2918ac1%3Ag%3AwtcAAOSw8KRcdB%7EA&LH_Auction=1
2018-12-09 00:00:00,"Sold  Dec 9, 2018 ANCIENT ROMAN BRONZE TRUMPET TYPE BROOCH AUTHENTIC LEGIONARY BROOCH",14.61,,Roman | ,clothing | ,metal | ,
2018-12-08 00:00:00,"Sold  Dec 8, 2018 ANTIQUE Old Carnelian Intaglio Roman Hunting Archer Bow Signet Seal Stamp Stone",9.99,Thailand,Roman | ,jewellery | ,stone | metal | ,https://www.ebay.com/itm/ANTIQUE-Old-Carnelian-Intaglio-Roman-Hunting-Archer-Bow-Signet-Seal-Stamp-Stone/254007939609?hash=item3b240d9219%3Ag%3AqRoAAOSwwkRb-fIT&LH_Auction=1
2019-02-28 00:00:00,"Sold  Feb 28, 2019 Roman Bronze Axe And Chisel Pieces",8.61,United Kingdom,Roman | ,weapon | ,metal | ,https://www.ebay.com/itm/Roman-Bronze-Axe-And-Chisel-Pieces/401710327350?hash=item5d87cd2636%3Ag%3AEDkAAOSwxy5caoeO&LH_Auction=1
2018-12-27 00:00:00,"Sold  Dec 27, 2018 AMAZING CLOTH FROM MUMMY  PRE-COLUMBIAN  1000AD!  WOW RARE AND DESIRABLE",36.0,United States,,?,,https://www.ebay.com/itm/AMAZING-CLOTH-FROM-MUMMY-PRE-COLUMBIAN-1000AD-WOW-RARE-AND-DESIRABLE/192761793339?hash=item2ce17f8b3b%3Ag%3ADIAAAOSwWH1cGF3O&LH_Auction=1
2019-02-16 00:00:00,"Sold  Feb 16, 2019 STUNNING TOP QUALITY POST MEDIEVAL RING (9)",5.42,United Kingdom,Medieval | ,jewellery | ,,https://www.ebay.com/itm/STUNNING-TOP-QUALITY-POST-MEDIEVAL-RING-9/312471510219?hash=item48c0c0dccb%3Ag%3A34cAAOSwL-1cHk-5&LH_Auction=1
2019-01-20 00:00:00,"Sold  Jan 20, 2019 A267. Roman style bronze key.",12.0,Bulgaria,Roman | ,household | ,metal | ,https://www.ebay.com/itm/A267-Roman-style-bronze-key/333013450082?hash=item4d8925fd62%3Ag%3Ap%7EYAAOSwV45bulBg&LH_Auction=1
2019-01-26 00:00:00,"Sold  Jan 26, 2019 RARE LAPIS LAZULI GAMING DICE  (1)",23.44,United Kingdom,,household | ,stone | ,https://www.ebay.com/itm/RARE-LAPIS-LAZULI-GAMING-DICE-1/312437751601?hash=item48bebdbf31%3Ag%3A-GIAAOSw%7EVBcRcdh&LH_Auction=1
2019-01-16 00:00:00,"Sold  Jan 16, 2019 ANTIQUE 18 CENTURY OTTOMAN ISLAMIC TURKISH CHIBOUK TOBACCO SMOKING PIPE",10.0,Bulgaria,Islamic | near east | ,household | ,,https://www.ebay.com/itm/ANTIQUE-18-CENTURY-OTTOMAN-ISLAMIC-TURKISH-CHIBOUK-TOBACCO-SMOKING-PIPE/132910841552?hash=item1ef21a7ed0%3Ag%3AHxsAAOSw4c5b61%7E4&LH_Auction=1
2019-01-17 00:00:00,"Sold  Jan 17, 2019 BYZANTINE PERIOD BRONZE COIN WEIGHT in AS FOUND CONDITION!!!",4.99,Norway,Greek | byzantine | ,coin | ,metal | ,https://www.ebay.com/itm/BYZANTINE-PERIOD-BRONZE-COIN-WEIGHT-in-AS-FOUND-CONDITION/223320192566?hash=item33feebb636%3Ag%3A50gAAOSwW6BaLbbz&LH_Auction=1
2018-12-18 00:00:00,"Sold  Dec 18, 2018 Stunning Very Rare Roman Goold Bird Pendant With Red Beads C 3rd 4th Cent AD",59.6,United Kingdom,Roman | ,jewellery | ,,https://www.ebay.com/itm/Stunning-Very-Rare-Roman-Goold-Bird-Pendant-With-Red-Beads-C-3rd-4th-Cent-AD/123542813008?hash=item1cc3b9b950%3Ag%3Avz8AAOSwEfVcEpfG&LH_Auction=1
2019-01-31 00:00:00,"Sold  Jan 31, 2019 ANCIENT PHOENICIAN CARNELIAN BEAD SEAL WITH RULER IMPRESSION",13.24,United Kingdom,Near east | ,jewellery | ,stone | ,https://www.ebay.com/itm/ANCIENT-PHOENICIAN-CARNELIAN-BEAD-SEAL-WITH-RULER-IMPRESSION/153347479161?hash=item23b438d679%3Ag%3A05UAAOSwqKNcRaNV&LH_Auction=1
2018-12-19 00:00:00,"Sold  Dec 19, 2018 INTACT EGYPTIAN GLAZE SCARAB SEAL PENDANT CIRCA 700-500 BC",11.26,Cyprus,Egyptian | ,jewellery | ,terracotta | ,https://www.ebay.com/itm/INTACT-EGYPTIAN-GLAZE-SCARAB-SEAL-PENDANT-CIRCA-700-500-BC/392192179345?hash=item5b5079bc91%3Ag%3Aly8AAOSwo1lcETbt&LH_Auction=1
2018-12-05 00:00:00,"Sold  Dec 5, 2018 AUTHENTIC POST MEDIEVAL SILVER RING W/ CARNELIAN STONE IN BEZEL - H491",19.2,United Kingdom,Medieval | ,jewellery | ,stone | metal | ,https://www.ebay.com/itm/AUTHENTIC-POST-MEDIEVAL-SILVER-RING-W-CARNELIAN-STONE-IN-BEZEL-H491/253995561218?hash=item3b2350b102%3Ag%3ARN8AAOSw6dhb9%7ELB&LH_Auction=1
2019-02-05 00:00:00,"Sold  Feb 5, 2019 INTACT LATE POST MEDIEVAL NEAR EAST SILVER RING WITH NICE CARNELIAN STONE",16.55,,Medieval | near east | ,jewellery | ,stone | metal | ,
2019-02-21 00:00:00,"Sold  Feb 21, 2019 Stunning Rare Ancient Silver Viking Norse Ring Wolf head C 8th / 9th.cent AD.",57.3,,Viking | ,jewellery | ,metal | ,
2019-02-24 00:00:00,"Sold  Feb 24, 2019 LOT OF 4 ANCIENT BRONZE ARROWHEADS",19.5,United States,,weapon | ,metal | ,https://www.ebay.com/itm/LOT-OF-4-ANCIENT-BRONZE-ARROWHEADS/192829590621?hash=item2ce58a0c5d%3Ag%3AT5EAAOSwbaxcad3u&LH_Auction=1
2019-01-02 00:00:00,"Sold  Jan 2, 2019 AUTHENTIC ANCIENT ROMAN LEGIONARY TERRACOTTA BOWL -  L934",58.27,United Kingdom,Roman | ,vessel | ,terracotta | ,https://www.ebay.com/itm/AUTHENTIC-ANCIENT-ROMAN-LEGIONARY-TERRACOTTA-BOWL-L934/254033232274?hash=item3b258f8192%3Ag%3Ac%7EoAAOSwjrFcG2TK&LH_Auction=1
2019-02-28 00:00:00,"Sold  Feb 28, 2019 CIRCA 300-400AD ROMAN ERA LEGIONARY TRUMPET FIBULA AUTHENTIC MILITARY ARTEFACT",11.26,United Kingdom,Roman | ,clothing | ,,https://www.ebay.com/itm/CIRCA-300-400AD-ROMAN-ERA-LEGIONARY-TRUMPET-FIBULA-AUTHENTIC-MILITARY-ARTEFACT/153388980856?hash=item23b6b21a78%3Ag%3AaB0AAOSw3eRcbq46&LH_Auction=1
2018-12-04 00:00:00,"Sold  Dec 4, 2018 CIRCA 664-332BC ANCIENT EGYPTIAN GLAZED USHABTI SHABTI WITH HIEROGLYPHICS",56.95,United Kingdom,Egyptian | ,statue | text | ,terracotta | ,https://www.ebay.com/itm/CIRCA-664-332BC-ANCIENT-EGYPTIAN-GLAZED-USHABTI-SHABTI-WITH-HIEROGLYPHICS/153279640721?hash=item23b02db491%3Ag%3AIHwAAOSwa1hb%7ESbi&LH_Auction=1
2019-02-24 00:00:00,"Sold  Feb 24, 2019 VERY TALL & BEAUTIFUL - CIRCA 1370-770BCE ANCIENT EGYPTIAN ANUBIS STATUETTE",51.65,United Kingdom,Egyptian | ,religious | statue | ,,https://www.ebay.com/itm/VERY-TALL-BEAUTIFUL-CIRCA-1370-770BCE-ANCIENT-EGYPTIAN-ANUBIS-STATUETTE/223393705429?hash=item34034d6dd5%3Ag%3AJhoAAOSwPF9cYsVU&LH_Auction=1
2019-01-27 00:00:00,"Sold  Jan 27, 2019 3277	Ancient Roman bronze fibula 2-3 century.",8.78,United Kingdom,Roman | ,clothing | ,metal | ,https://www.ebay.com/itm/3277-Ancient-Roman-bronze-fibula-2-3-century/183640793816?hash=item2ac1d822d8%3Ag%3ASrcAAOSwm5xcQLli&LH_Auction=1
2019-02-25 00:00:00,"Sold  Feb 25, 2019 ancient style Egyptian vessel asian hard stone cup/jug",10.0,United States,Egyptian | ,vessel | ,stone | ,https://www.ebay.com/itm/ancient-style-Egyptian-vessel-asian-hard-stone-cup-jug/273726149898?hash=item3fbb59950a%3Ag%3A4u0AAOSwCtJcaLdS&LH_Auction=1
2018-12-07 00:00:00,"Sold  Dec 7, 2018 Saharian NEOLITHIC - Jasper BRACELET - 76 mm Diameter",57.0,Mauritania,Pre-historic | ,jewellery | ,,https://www.ebay.com/itm/Saharian-NEOLITHIC-Jasper-BRACELET-76-mm-Diameter/123519565113?hash=item1cc256fd39%3Ag%3AzS0AAOSwSe5cAWSz&LH_Auction=1
2019-01-09 00:00:00,"Sold  Jan 9, 2019 OLMEC  COLOSSAL MASTERWORKS OF ANCIENT MEXICO  LACMA  2011 HARDCOVER",12.99,,,?,,
2019-02-28 00:00:00,"Sold  Feb 28, 2019 VERY RARE ANCIENT EGYPTIAN CANOPIC JAR LATE PERIOD 664 - 332 BC (5)",72.84,United Kingdom,Egyptian | ,vessel | ,,https://www.ebay.com/itm/VERY-RARE-ANCIENT-EGYPTIAN-CANOPIC-JAR-LATE-PERIOD-664-332-BC-5/333085928197?hash=item4d8d77eb05%3Ag%3Av9MAAOSwLqRcbuFD&LH_Auction=1
2018-12-08 00:00:00,"Sold  Dec 8, 2018 RARE LOT OF 3pcs. ANCIENT IRON FIRE STARTERS!!!",9.99,Norway,,?,metal | ,https://www.ebay.com/itm/RARE-LOT-OF-3pcs-ANCIENT-IRON-FIRE-STARTERS/223266613302?hash=item33fbba2836%3Ag%3AJ%7EUAAOSwz05b-d4A&LH_Auction=1
2019-01-21 00:00:00,"Sold  Jan 21, 2019 Rare ancient Near Eastern Seal Bead , 300 bc",7.28,United Kingdom,Near east | ,jewellery | ,,https://www.ebay.com/itm/Rare-ancient-Near-Eastern-Seal-Bead-300-bc/264142442323?hash=item3d801dcf53%3Ag%3ABgkAAOSwdxFcPyx3&LH_Auction=1
2018-12-24 00:00:00,"Sold  Dec 24, 2018 Horus Amulet Unique Egyptian Antique Faience Falcon Figurine",0.01,Canada,Egyptian | ,jewellery | religious | statue | ,terracotta | ,https://www.ebay.com/itm/Horus-Amulet-Unique-Egyptian-Antique-Faience-Falcon-Figurine/192758393534?hash=item2ce14baabe%3Ag%3Af%7EUAAOSwn6JcE%7EuF&LH_Auction=1
2019-03-02 00:00:00,"Sold  Mar 2, 2019 EGYPTIAN HIEROGLYPHIC SHABTI, LATE PERIOD 664 - 332 BC (10)",15.23,United Kingdom,Egyptian | ,statue | text | ,,https://www.ebay.com/itm/EGYPTIAN-HIEROGLYPHIC-SHABTI-LATE-PERIOD-664-332-BC-10/312501942864?hash=item48c2913a50%3Ag%3AI7gAAOSwLgVcdBrm&LH_Auction=1
2019-02-18 00:00:00,"Sold  Feb 18, 2019 Persian can With writing and fantastic figures Decor Floral and animals Dear sto",585.0,Germany,Near east | ,statue | text | ,metal | ,https://www.ebay.com/itm/Persian-can-With-writing-and-fantastic-figures-Decor-Floral-and-animals-Dear-sto/183683513414?hash=item2ac463fc46%3Ag%3ABx4AAOSwhWFcY6hF&LH_Auction=1
2019-01-18 00:00:00,"Sold  Jan 18, 2019 Authentic medieval Viking bronze age decorated ring-wearable",10.0,Russia,Medieval | viking | bronze age | ,jewellery | ,metal | ,https://www.ebay.com/itm/Authentic-medieval-Viking-bronze-age-decorated-ring-wearable/333013617260?hash=item4d89288a6c%3Ag%3A48gAAOSwcqxcG4w5&LH_Auction=1
2018-12-06 00:00:00,"Sold  Dec 6, 2018 GROUP OF 4 ANCIENT ROMAN LEGIONARY FIBULAS ALL INTACT ORIGINAL PINS",29.16,United Kingdom,Roman | ,clothing | ,,https://www.ebay.com/itm/GROUP-OF-4-ANCIENT-ROMAN-LEGIONARY-FIBULAS-ALL-INTACT-ORIGINAL-PINS/153279167150?hash=item23b0267aae%3Ag%3AJqEAAOSw175b%7EI4y&LH_Auction=1
2018-12-25 00:00:00,"Sold  Dec 25, 2018 BEAUTIFUL ANCIENT EGYPTIAN GLAZED FAIENCE AMPHORA WITH FACE OF ANUBIS",128.46,United Kingdom,Egyptian | ,religious | ,terracotta | ,https://www.ebay.com/itm/BEAUTIFUL-ANCIENT-EGYPTIAN-GLAZED-FAIENCE-AMPHORA-WITH-FACE-OF-ANUBIS/153308887157?hash=item23b1ebf875%3Ag%3AHW8AAOSw-QxcGS8T&LH_Auction=1
2018-12-26 00:00:00,"Sold  Dec 26, 2018 AUTHENTIC ANCIENT ROMAN ERA GLASS BEADED NECKLACE - H776",14.67,United Kingdom,Roman | ,jewellery | ,glass | ,https://www.ebay.com/itm/AUTHENTIC-ANCIENT-ROMAN-ERA-GLASS-BEADED-NECKLACE-H776/254025951089?hash=item3b25206771%3Ag%3AxIIAAOSwRbpcE9td&LH_Auction=1
2019-01-08 00:00:00,"Sold  Jan 8, 2019 **PRIEST PERFECTING RITUAL** Ancient Bronze Legionary Roman Ring AMAZING",19.22,Greece,Roman | ,jewellery | religious | ,metal | ,https://www.ebay.com/itm/PRIEST-PERFECTING-RITUAL-Ancient-Bronze-Legionary-Roman-Ring-AMAZING/183609961875?hash=item2ac001ad93%3Ag%3AYvwAAOSwMpFcJ0Qr&LH_Auction=1
2018-12-30 00:00:00,"Sold  Dec 30, 2018 OUT OF BUSINESS SALE! Ancient Jerusalem Israel ROMAN Iron SPEAR  100AD",26.0,United States,Roman | near east | ,weapon | ,metal | ,https://www.ebay.com/itm/OUT-OF-BUSINESS-SALE-Ancient-Jerusalem-Israel-ROMAN-Iron-SPEAR-100AD/401665805407?hash=item5d8525cc5f%3Ag%3AG0gAAOSwXHxcHFE5&LH_Auction=1
2019-02-03 00:00:00,"Sold  Feb 3, 2019 LOW OUTBID !! Rare Ancient VIKING SILVER Bronze RINGS 9-10 AD century *AMAZING*",33.56,Morocco,Viking | ,jewellery | ,metal | ,https://www.ebay.com/itm/LOW-OUTBID-Rare-Ancient-VIKING-SILVER-Bronze-RINGS-9-10-AD-century-AMAZING/173765304641?hash=item2875382141%3Ag%3Ab5cAAOSw4S1cTj-A&LH_Auction=1
2018-12-20 00:00:00,"Sold  Dec 20, 2018 ** EXTRAORDINARY ** Small Ancient Roman Bronze  ring",13.5,,Roman | ,jewellery | ,metal | ,
2019-02-10 00:00:00,"Sold  Feb 10, 2019 Ancient Roman Bronze of a Goat",99.0,Ukraine,Roman | ,?,metal | ,https://www.ebay.com/itm/Ancient-Roman-Bronze-of-a-Goat/202589197821?hash=item2f2b41d5fd%3Ag%3AQtAAAOSw7HhcO63L&LH_Auction=1
2018-12-12 00:00:00,"Sold  Dec 12, 2018 Solid Gold Antique Islamic Coins (2 coins)",500.0,Bulgaria,Islamic | ,coin | ,metal | ,https://www.ebay.com/itm/Solid-Gold-Antique-Islamic-Coins-2-coins/254014104285?hash=item3b246ba2dd%3Ag%3A3AYAAOSwEKxb%7E3k-&LH_Auction=1
2019-02-24 00:00:00,"Sold  Feb 24, 2019 VERY NICE !  BIG ! AUTHENTIC ! PRAYER ! LATE MEDIEVAL  BRONZE CROSS PENDANT #935",2.25,Latvia,Medieval | ,jewellery | religious | ,metal | ,https://www.ebay.com/itm/VERY-NICE-BIG-AUTHENTIC-PRAYER-LATE-MEDIEVAL-BRONZE-CROSS-PENDANT-935/401708162161?hash=item5d87ac1c71%3Ag%3A2S8AAOSwvtBcZkSm&LH_Auction=1
2019-02-24 00:00:00,"Sold  Feb 24, 2019 VERY NICE !  BIG ! AUTHENTIC ! PRAYER ! LATE MEDIEVAL  BRONZE CROSS PENDANT #937",3.25,Latvia,Medieval | ,jewellery | religious | ,metal | ,https://www.ebay.com/itm/VERY-NICE-BIG-AUTHENTIC-PRAYER-LATE-MEDIEVAL-BRONZE-CROSS-PENDANT-937/401708162817?hash=item5d87ac1f01%3Ag%3Af4IAAOSwnwpcZkVN&LH_Auction=1
2019-01-09 00:00:00,"Sold  Jan 9, 2019 Rare ancient Egyptian blue cat amulet , 300 bc",14.78,United Kingdom,Egyptian | ,jewellery | ,,https://www.ebay.com/itm/Rare-ancient-Egyptian-blue-cat-amulet-300-bc/254053000268?hash=item3b26bd244c%3Ag%3APn0AAOSwfhlcL1Md&LH_Auction=1
2019-02-17 00:00:00,"Sold  Feb 17, 2019 Very rare Pottery Vikings Ritual Rython , cirka- 500-800 AD RESTORED",80.0,Germany,Viking | ,religious | vessel | ,,https://www.ebay.com/itm/Very-rare-Pottery-Vikings-Ritual-Rython-cirka-500-800-AD-RESTORED/254118415288?hash=item3b2aa34bb8%3Ag%3AMCUAAOSwR2FcYIbb&LH_Auction=1
2019-01-16 00:00:00,"Sold  Jan 16, 2019 INTACT-NEAR EAST BRONZE ANTILOPE ANIMAL STATUE POSSIBLY MEDIEVAL",15.23,,Medieval | near east | ,statue | ,metal | ,
2019-01-18 00:00:00,"Sold  Jan 18, 2019 rare ANTIQUE EGYPTIAN WOOD PANEL With hieroglyphics Part of mummy sarcophagus",110.5,United States,Egyptian | ,text | ,wood | ,https://www.ebay.com/itm/rare-ANTIQUE-EGYPTIAN-WOOD-PANEL-With-hieroglyphics-Part-of-mummy-sarcophagus/132913191374?hash=item1ef23e59ce%3Ag%3An9wAAOSwXHxcFfly&LH_Auction=1
2019-02-04 00:00:00,"Sold  Feb 4, 2019 OUT OF BUSINESS SALE! Ancient Jerusalem Israel ROMAN Iron SPEAR-ARROWHEAD  100AD",12.55,United States,Roman | near east | ,weapon | ,metal | ,https://www.ebay.com/itm/OUT-OF-BUSINESS-SALE-Ancient-Jerusalem-Israel-ROMAN-Iron-SPEAR-ARROWHEAD-100AD/401694798432?hash=item5d86e03260%3Ag%3APAYAAOSwa1ZcS9v5&LH_Auction=1
2019-01-27 00:00:00,"Sold  Jan 27, 2019 INTACT VINTAGE SILVER RING WITH DOLPHINS",7.28,,,jewellery | ,metal | ,
2019-02-10 00:00:00,"Sold  Feb 10, 2019 "" AQUILA - EAGLE ""  ANCIENT SILVER ROMAN  RING!!!!LEGIONARY!!!!",26.0,,Roman | ,jewellery | ,metal | ,
2018-12-07 00:00:00,"Sold  Dec 7, 2018 Rare Ancient Egyptian Faience Shabti  Cat (945-715 BC.)",47.68,United Kingdom,Egyptian | ,statue | ,terracotta | ,https://www.ebay.com/itm/Rare-Ancient-Egyptian-Faience-Shabti-Cat-945-715-BC/173669018543?hash=item286f7aebaf%3Ag%3AwOIAAOSwuQhcAd6o&LH_Auction=1
2019-01-07 00:00:00,"Sold  Jan 7, 2019 2 Ancient Neolithic Quartz Ear Plugs, Stone Age, VERY RARE !!",11.0,Germany,Pre-historic | ,jewellery | ,stone | ,https://www.ebay.com/itm/2-Ancient-Neolithic-Quartz-Ear-Plugs-Stone-Age-VERY-RARE/153326039282?hash=item23b2f1b0f2%3Ag%3A1oIAAOSwZbVcLO3a&LH_Auction=1
2019-01-30 00:00:00,"Sold  Jan 30, 2019 Medieval Ancient Romain BRONZE RING museum quality ARTIFACT Magnificent",0.99,,Medieval | ,jewellery | ,metal | ,
2019-02-28 00:00:00,"Sold  Feb 28, 2019 Rare Old Ancient Lapis lazuli Roman Wonderful rare unique old Silver Ring",11.5,Bulgaria,Roman | ,jewellery | ,stone | metal | ,https://www.ebay.com/itm/Rare-Old-Ancient-Lapis-lazuli-Roman-Wonderful-rare-unique-old-Silver-Ring/123660965277?hash=item1ccac4959d%3Ag%3AyqYAAOSwpUVccYy8&LH_Auction=1
2019-02-16 00:00:00,"Sold  Feb 16, 2019 VICTORIAN HANDS SILVER RING ONYX GEMSTONE 925 STERLING SILVER RING",4.99,,,jewellery | ,stone | metal | ,
2019-02-19 00:00:00,"Sold  Feb 19, 2019 Rare Ancient ROMAN Bronze RING 10-12 AD century ARTIFACT Magnificent Snake RING",13.5,Morocco,Roman | ,jewellery | ,metal | ,https://www.ebay.com/itm/Rare-Ancient-ROMAN-Bronze-RING-10-12-AD-century-ARTIFACT-Magnificent-Snake-RING/173786376977?hash=item287679ab11%3Ag%3A8skAAOSwpZNcX1jF&LH_Auction=1
2019-02-02 00:00:00,"Sold  Feb 2, 2019 VERY RARE PHOENICIAN GLASS BIRD BEAD 300BC SUPER QUALITY (8)",13.6,Cyprus,Near east | ,jewellery | ,glass | ,https://www.ebay.com/itm/VERY-RARE-PHOENICIAN-GLASS-BIRD-BEAD-300BC-SUPER-QUALITY-8/312448834420?hash=item48bf66db74%3Ag%3AohEAAOSwKXhcTzKC&LH_Auction=1
2019-02-17 00:00:00,"Sold  Feb 17, 2019 WEARABLE MEDIEVAL BRONZE CROSS DEPICTING SAINT - RARE  12",1.59,United Kingdom,Medieval | ,religious | ,metal | ,https://www.ebay.com/itm/WEARABLE-MEDIEVAL-BRONZE-CROSS-DEPICTING-SAINT-RARE-12/153372953669?hash=item23b5bd8c45%3Ag%3ALuYAAOSwmThcYC2Y&LH_Auction=1
2019-01-04 00:00:00,"Sold  Jan 4, 2019 AUTHENTIC MEDIEVAL VIKING BRONZE WARRIOR'S SWORD PENDANT - L962",55.62,United Kingdom,Medieval | viking | ,weapon | jewellery | ,metal | ,https://www.ebay.com/itm/AUTHENTIC-MEDIEVAL-VIKING-BRONZE-WARRIORS-SWORD-PENDANT-L962/254033299370?hash=item3b259087aa%3Ag%3AODEAAOSwMpFcG3bn&LH_Auction=1
2019-01-04 00:00:00,"Sold  Jan 4, 2019 AUTHENTIC MEDIEVAL VIKING BRONZE WARRIOR'S SWORD PENDANT - L961",41.05,United Kingdom,Medieval | viking | ,weapon | jewellery | ,metal | ,https://www.ebay.com/itm/AUTHENTIC-MEDIEVAL-VIKING-BRONZE-WARRIORS-SWORD-PENDANT-L961/254033298650?hash=item3b259084da%3Ag%3AysQAAOSw9xJcG3az&LH_Auction=1
2019-02-10 00:00:00,"Sold  Feb 10, 2019  Roman Style Bronze Intaglio Signet Seal Ring",30.0,Norway,Roman | ,jewellery | ,metal | ,https://www.ebay.com/itm/Roman-Style-Bronze-Intaglio-Signet-Seal-Ring/323665529583?hash=item4b5bf80aef%3Ag%3AuQwAAOSw%7ED5cTe7h&LH_Auction=1
2019-01-05 00:00:00,"Sold  Jan 5, 2019 BEAUTIFUL ANCIENT EGYPTIAN CAT AMULET 300 BC (6)",17.88,United Kingdom,Egyptian | ,jewellery | ,,https://www.ebay.com/itm/BEAUTIFUL-ANCIENT-EGYPTIAN-CAT-AMULET-300-BC-6/312408903884?hash=item48bd0590cc%3Ag%3AOAkAAOSwXyBcKj1e&LH_Auction=1
2019-03-01 00:00:00,"Sold  Mar 1, 2019 MASSIVE NEAR EAST SILVER & GOLD.P DECORATED RING WITH GEM STONE CIRCA 1400 AD",69.54,Cyprus,Near east | ,jewellery | ,stone | metal | ,https://www.ebay.com/itm/MASSIVE-NEAR-EAST-SILVER-GOLD-P-DECORATED-RING-WITH-GEM-STONE-CIRCA-1400-AD/202604222764?hash=item2f2c27192c%3Ag%3AfYAAAOSwHDdcbwC-&LH_Auction=1
2019-02-02 00:00:00,"Sold  Feb 2, 2019 ancient antique roman silver agate ring",132.4,,Roman | ,jewellery | ,stone | metal | ,
2019-02-07 00:00:00,"Sold  Feb 7, 2019 WONDERFUL ANCIENT BACTRAIN CIRCA 300 BC BRONZE RING #SH771",11.52,Cyprus,,jewellery | ,metal | ,https://www.ebay.com/itm/WONDERFUL-ANCIENT-BACTRAIN-CIRCA-300-BC-BRONZE-RING-SH771/163517422731?hash=item261265dc8b%3Ag%3ADikAAOSw0DtagbwA&LH_Auction=1
2019-02-09 00:00:00,"Sold  Feb 9, 2019 BEAUTIFUL ANCIENT EGYPTIAN EYE OF HORUS AMULET 300 BC (2)",27.81,Canada,Egyptian | ,jewellery | religious | ,,https://www.ebay.com/itm/BEAUTIFUL-ANCIENT-EGYPTIAN-EYE-OF-HORUS-AMULET-300-BC-2/312459963453?hash=item48c010ac3d%3Ag%3Aw6MAAOSwLDlcWGLJ&LH_Auction=1
2019-02-12 00:00:00,"Sold  Feb 12, 2019 Antique Tin Egyptian Obelisk Model English Registry Mark Cleopatra's Needle Vtg",51.0,United States,Egyptian | ,?,metal | ,https://www.ebay.com/itm/Antique-Tin-Egyptian-Obelisk-Model-English-Registry-Mark-Cleopatras-Needle-Vtg/192815387324?hash=item2ce4b152bc%3Ag%3A-DYAAOSwkHxcWQa%7E&LH_Auction=1
2019-01-27 00:00:00,"Sold  Jan 27, 2019   ** PENTAGRAM and TWO STARS **Ancient Bronze Roman Ring **AMAZING **",142.5,Serbia,Roman | ,jewellery | ,metal | ,https://www.ebay.com/itm/PENTAGRAM-and-TWO-STARS-Ancient-Bronze-Roman-Ring-AMAZING/254090345713?hash=item3b28f6fcf1%3Ag%3A1KgAAOSw8TJcR762&LH_Auction=1
2018-12-18 00:00:00,"Sold  Dec 18, 2018 CIRCA 700-500BC ANCIENT EGYPT GLAZED FAIENCE IBIS STATUETTE BEAUTIFUL",39.08,United Kingdom,,statue | ,terracotta | ,https://www.ebay.com/itm/CIRCA-700-500BC-ANCIENT-EGYPT-GLAZED-FAIENCE-IBIS-STATUETTE-BEAUTIFUL/153298399614?hash=item23b14bf17e%3Ag%3AXQMAAOSweWdcDs2h&LH_Auction=1
2018-12-09 00:00:00,"Sold  Dec 9, 2018 Very rare Pottery Persian Ritual vessel  800 - 500 BC",30.0,Germany,Near east | ,religious | vessel | ,,https://www.ebay.com/itm/Very-rare-Pottery-Persian-Ritual-vessel-800-500-BC/254009274490?hash=item3b2421f07a%3Ag%3AcJYAAOSw9z1cBFgx&LH_Auction=1
2019-01-14 00:00:00,"Sold  Jan 14, 2019 Ancient Viking Catherine Wheel Cross Pendant - Copper-Alloy Circa:11th Century",26.47,United Kingdom,Viking | ,jewellery | religious | ,metal | ,https://www.ebay.com/itm/Ancient-Viking-Catherine-Wheel-Cross-Pendant-Copper-Alloy-Circa-11th-Century/352566386410?hash=item5216981eea%3Ag%3AX0UAAOSwcOZcOMb1&LH_Auction=1
2019-01-05 00:00:00,"Sold  Jan 5, 2019 FANTASTIC MEDIEVAL SILVERED RING SUPERB STONE.9,8 GR.21 MM INNER",27.81,United Kingdom,Medieval | ,jewellery | ,stone | metal | ,https://www.ebay.com/itm/FANTASTIC-MEDIEVAL-SILVERED-RING-SUPERB-STONE-9-8-GR-21-MM-INNER/254034471446?hash=item3b25a26a16%3Ag%3AFf0AAOSwt3hcHKqp&LH_Auction=1
2019-01-31 00:00:00,"Sold  Jan 31, 2019 VERY RARE ANCIENT ROMAN CLEAR GLASS VESSEL 1st Century A.D. (2)",27.81,United Kingdom,Roman | ,vessel | ,glass | ,https://www.ebay.com/itm/VERY-RARE-ANCIENT-ROMAN-CLEAR-GLASS-VESSEL-1st-Century-A-D-2/333033118910?hash=item4d8a521cbe%3Ag%3AFi4AAOSwSe5cSf5g&LH_Auction=1
2019-02-23 00:00:00,"Sold  Feb 23, 2019 SUPERB ANCIENT ROMAN / MEDIEVAL GLASS VESSEL - 7,6 cm",46.0,Bosnia and Herzegovina,Roman | medieval | ,vessel | ,glass | ,https://www.ebay.com/itm/SUPERB-ANCIENT-ROMAN-MEDIEVAL-GLASS-VESSEL-7-6-cm/132955406290?hash=item1ef4c27fd2%3Ag%3A1xkAAOSwpLxcaDDc&LH_Auction=1
2018-12-29 00:00:00,"Sold  Dec 29, 2018 VERY RARE ANCIENT NEAR EASTERN SEAL 300 BC (1)",11.92,United Kingdom,Near east | ,jewellery | ,,https://www.ebay.com/itm/VERY-RARE-ANCIENT-NEAR-EASTERN-SEAL-300-BC-1/312394250503?hash=item48bc25f907%3Ag%3AlQgAAOSwCNlcHjnE&LH_Auction=1
2019-01-19 00:00:00,"Sold  Jan 19, 2019 Sahara Neolithic Stemmed Bullet Form - Translucent - Authentic",7.75,United States,Pre-historic | ,?,,https://www.ebay.com/itm/Sahara-Neolithic-Stemmed-Bullet-Form-Translucent-Authentic/264131172445?hash=item3d7f71d85d%3Ag%3ARy8AAOSw0YlcOMez&LH_Auction=1
2019-02-20 00:00:00,"Sold  Feb 20, 2019 AUTHENTIC ANCIENT ROMAN LEGIONARY TERRACOTTA JAR -  L206",45.03,United Kingdom,Roman | ,vessel | ,terracotta | ,https://www.ebay.com/itm/AUTHENTIC-ANCIENT-ROMAN-LEGIONARY-TERRACOTTA-JAR-L206/254114596057?hash=item3b2a6904d9%3Ag%3AvnAAAOSwyXtcXZ-9&LH_Auction=1
2019-01-03 00:00:00,"Sold  Jan 3, 2019 Roman ancient Gold ring",560.0,Bulgaria,Roman | ,jewellery | ,metal | ,https://www.ebay.com/itm/Roman-ancient-Gold-ring/264106140491?hash=item3d7df3e34b%3Ag%3Ar9AAAOSw3-9cDaej&LH_Auction=1
2019-01-02 00:00:00,"Sold  Jan 2, 2019 Stunning X-Large Antique Egyptian Pharaoh King Bust Figure Statue",120.0,Canada,Egyptian | ,statue | ,,https://www.ebay.com/itm/Stunning-X-Large-Antique-E